episode,reward,length,success,epsilon
1,-500.0,500,0,1.0
2,-500.0,500,0,0.995
3,-500.0,500,0,0.990025
4,-500.0,500,0,0.985074875
5,-500.0,500,0,0.9801495006250001
6,-500.0,500,0,0.9752487531218751
7,-500.0,500,0,0.9703725093562657
8,-500.0,500,0,0.9655206468094844
9,-500.0,500,0,0.960693043575437
10,-500.0,500,0,0.9558895783575597
11,-500.0,500,0,0.9511101304657719
12,-500.0,500,0,0.946354579813443
13,-500.0,500,0,0.9416228069143757
14,-500.0,500,0,0.9369146928798039
15,-500.0,500,0,0.9322301194154049
16,-500.0,500,0,0.9275689688183278
17,-500.0,500,0,0.9229311239742362
18,-500.0,500,0,0.918316468354365
19,-500.0,500,0,0.9137248860125932
20,-500.0,500,0,0.9091562615825302
21,-500.0,500,0,0.9046104802746175
22,-463.0,464,1,0.9000874278732445
23,-500.0,500,0,0.8955869907338783
24,-500.0,500,0,0.8911090557802088
25,-500.0,500,0,0.8866535105013078
26,-500.0,500,0,0.8822202429488013
27,-500.0,500,0,0.8778091417340573
28,-500.0,500,0,0.8734200960253871
29,-500.0,500,0,0.8690529955452602
30,-500.0,500,0,0.8647077305675338
31,-500.0,500,0,0.8603841919146962
32,-500.0,500,0,0.8560822709551227
33,-500.0,500,0,0.851801859600347
34,-500.0,500,0,0.8475428503023453
35,-500.0,500,0,0.8433051360508336
36,-500.0,500,0,0.8390886103705794
37,-500.0,500,0,0.8348931673187264
38,-500.0,500,0,0.8307187014821328
39,-500.0,500,0,0.8265651079747222
40,-500.0,500,0,0.8224322824348486
41,-500.0,500,0,0.8183201210226743
42,-500.0,500,0,0.8142285204175609
43,-500.0,500,0,0.810157377815473
44,-500.0,500,0,0.8061065909263957
45,-500.0,500,0,0.8020760579717637
46,-500.0,500,0,0.798065677681905
47,-500.0,500,0,0.7940753492934954
48,-500.0,500,0,0.7901049725470279
49,-500.0,500,0,0.7861544476842928
50,-500.0,500,0,0.7822236754458713
51,-500.0,500,0,0.778312557068642
52,-500.0,500,0,0.7744209942832988
53,-500.0,500,0,0.7705488893118823
54,-500.0,500,0,0.7666961448653229
55,-500.0,500,0,0.7628626641409962
56,-500.0,500,0,0.7590483508202912
57,-500.0,500,0,0.7552531090661897
58,-500.0,500,0,0.7514768435208588
59,-500.0,500,0,0.7477194593032545
60,-500.0,500,0,0.7439808620067382
61,-500.0,500,0,0.7402609576967045
62,-500.0,500,0,0.736559652908221
63,-500.0,500,0,0.7328768546436799
64,-500.0,500,0,0.7292124703704616
65,-500.0,500,0,0.7255664080186093
66,-500.0,500,0,0.7219385759785162
67,-500.0,500,0,0.7183288830986236
68,-500.0,500,0,0.7147372386831305
69,-500.0,500,0,0.7111635524897149
70,-500.0,500,0,0.7076077347272662
71,-500.0,500,0,0.7040696960536299
72,-500.0,500,0,0.7005493475733617
73,-500.0,500,0,0.697046600835495
74,-500.0,500,0,0.6935613678313175
75,-500.0,500,0,0.6900935609921609
76,-500.0,500,0,0.6866430931872001
77,-495.0,496,1,0.6832098777212641
78,-500.0,500,0,0.6797938283326578
79,-500.0,500,0,0.6763948591909945
80,-500.0,500,0,0.6730128848950395
81,-500.0,500,0,0.6696478204705644
82,-500.0,500,0,0.6662995813682115
83,-500.0,500,0,0.6629680834613705
84,-500.0,500,0,0.6596532430440636
85,-500.0,500,0,0.6563549768288433
86,-325.0,326,1,0.653073201944699
87,-500.0,500,0,0.6498078359349755
88,-500.0,500,0,0.6465587967553006
89,-500.0,500,0,0.6433260027715241
90,-500.0,500,0,0.6401093727576664
91,-500.0,500,0,0.6369088258938781
92,-500.0,500,0,0.6337242817644086
93,-500.0,500,0,0.6305556603555866
94,-500.0,500,0,0.6274028820538087
95,-500.0,500,0,0.6242658676435396
96,-334.0,335,1,0.6211445383053219
97,-500.0,500,0,0.6180388156137953
98,-500.0,500,0,0.6149486215357263
99,-500.0,500,0,0.6118738784280476
100,-500.0,500,0,0.6088145090359074
101,-500.0,500,0,0.6057704364907278
102,-500.0,500,0,0.6027415843082742
103,-500.0,500,0,0.5997278763867329
104,-500.0,500,0,0.5967292370047992
105,-445.0,446,1,0.5937455908197752
106,-500.0,500,0,0.5907768628656763
107,-500.0,500,0,0.5878229785513479
108,-500.0,500,0,0.5848838636585911
109,-500.0,500,0,0.5819594443402982
110,-493.0,494,1,0.5790496471185967
111,-500.0,500,0,0.5761543988830038
112,-500.0,500,0,0.5732736268885887
113,-500.0,500,0,0.5704072587541458
114,-500.0,500,0,0.567555222460375
115,-394.0,395,1,0.5647174463480732
116,-500.0,500,0,0.5618938591163328
117,-500.0,500,0,0.5590843898207511
118,-500.0,500,0,0.5562889678716474
119,-500.0,500,0,0.5535075230322891
120,-500.0,500,0,0.5507399854171277
121,-500.0,500,0,0.547986285490042
122,-500.0,500,0,0.5452463540625918
123,-500.0,500,0,0.5425201222922789
124,-500.0,500,0,0.5398075216808175
125,-500.0,500,0,0.5371084840724134
126,-500.0,500,0,0.5344229416520513
127,-500.0,500,0,0.531750826943791
128,-500.0,500,0,0.5290920728090721
129,-500.0,500,0,0.5264466124450268
130,-500.0,500,0,0.5238143793828016
131,-500.0,500,0,0.5211953074858876
132,-452.0,453,1,0.5185893309484582
133,-500.0,500,0,0.5159963842937159
134,-500.0,500,0,0.5134164023722473
135,-500.0,500,0,0.510849320360386
136,-500.0,500,0,0.5082950737585841
137,-426.0,427,1,0.5057535983897912
138,-500.0,500,0,0.5032248303978422
139,-500.0,500,0,0.500708706245853
140,-500.0,500,0,0.4982051627146237
141,-500.0,500,0,0.49571413690105054
142,-500.0,500,0,0.4932355662165453
143,-500.0,500,0,0.4907693883854626
144,-427.0,428,1,0.4883155414435353
145,-500.0,500,0,0.4858739637363176
146,-430.0,431,1,0.483444593917636
147,-500.0,500,0,0.4810273709480478
148,-475.0,476,1,0.47862223409330756
149,-500.0,500,0,0.47622912292284103
150,-500.0,500,0,0.4738479773082268
151,-500.0,500,0,0.47147873742168567
152,-500.0,500,0,0.46912134373457726
153,-500.0,500,0,0.46677573701590436
154,-500.0,500,0,0.46444185833082485
155,-500.0,500,0,0.46211964903917074
156,-500.0,500,0,0.4598090507939749
157,-500.0,500,0,0.457510005540005
158,-500.0,500,0,0.45522245551230495
159,-500.0,500,0,0.4529463432347434
160,-410.0,411,1,0.4506816115185697
161,-500.0,500,0,0.4484282034609769
162,-426.0,427,1,0.446186062443672
163,-500.0,500,0,0.4439551321314536
164,-500.0,500,0,0.4417353564707963
165,-500.0,500,0,0.43952667968844233
166,-500.0,500,0,0.43732904629000013
167,-500.0,500,0,0.4351424010585501
168,-500.0,500,0,0.43296668905325736
169,-500.0,500,0,0.43080185560799106
170,-500.0,500,0,0.4286478463299511
171,-500.0,500,0,0.42650460709830135
172,-479.0,480,1,0.42437208406280985
173,-500.0,500,0,0.4222502236424958
174,-500.0,500,0,0.42013897252428334
175,-500.0,500,0,0.4180382776616619
176,-500.0,500,0,0.4159480862733536
177,-463.0,464,1,0.41386834584198684
178,-500.0,500,0,0.4117990041127769
179,-500.0,500,0,0.40974000909221303
180,-500.0,500,0,0.40769130904675194
181,-500.0,500,0,0.40565285250151817
182,-500.0,500,0,0.4036245882390106
183,-490.0,491,1,0.4016064652978155
184,-261.0,262,1,0.3995984329713264
185,-500.0,500,0,0.3976004408064698
186,-415.0,416,1,0.39561243860243744
187,-500.0,500,0,0.3936343764094253
188,-500.0,500,0,0.39166620452737816
189,-500.0,500,0,0.3897078735047413
190,-500.0,500,0,0.3877593341372176
191,-500.0,500,0,0.3858205374665315
192,-485.0,486,1,0.38389143477919885
193,-216.0,217,1,0.3819719776053028
194,-500.0,500,0,0.3800621177172763
195,-500.0,500,0,0.37816180712868996
196,-500.0,500,0,0.37627099809304654
197,-419.0,420,1,0.3743896431025813
198,-464.0,465,1,0.37251769488706843
199,-500.0,500,0,0.3706551064126331
200,-500.0,500,0,0.36880183088056995
201,-500.0,500,0,0.3669578217261671
202,-500.0,500,0,0.36512303261753626
203,-500.0,500,0,0.3632974174544486
204,-500.0,500,0,0.3614809303671764
205,-500.0,500,0,0.3596735257153405
206,-500.0,500,0,0.3578751580867638
207,-500.0,500,0,0.35608578229633
208,-500.0,500,0,0.3543053533848483
209,-500.0,500,0,0.35253382661792404
210,-290.0,291,1,0.3507711574848344
211,-500.0,500,0,0.34901730169741024
212,-500.0,500,0,0.3472722151889232
213,-500.0,500,0,0.3455358541129786
214,-500.0,500,0,0.3438081748424137
215,-500.0,500,0,0.3420891339682016
216,-500.0,500,0,0.3403786882983606
217,-253.0,254,1,0.3386767948568688
218,-500.0,500,0,0.33698341088258443
219,-500.0,500,0,0.3352984938281715
220,-500.0,500,0,0.33362200135903064
221,-461.0,462,1,0.33195389135223546
222,-500.0,500,0,0.3302941218954743
223,-500.0,500,0,0.32864265128599696
224,-500.0,500,0,0.326999438029567
225,-500.0,500,0,0.3253644408394192
226,-402.0,403,1,0.3237376186352221
227,-500.0,500,0,0.322118930542046
228,-401.0,402,1,0.32050833588933575
229,-463.0,464,1,0.31890579420988907
230,-500.0,500,0,0.3173112652388396
231,-500.0,500,0,0.3157247089126454
232,-500.0,500,0,0.3141460853680822
233,-500.0,500,0,0.3125753549412418
234,-500.0,500,0,0.31101247816653554
235,-500.0,500,0,0.30945741577570285
236,-500.0,500,0,0.3079101286968243
237,-500.0,500,0,0.3063705780533402
238,-500.0,500,0,0.30483872516307353
239,-500.0,500,0,0.3033145315372582
240,-500.0,500,0,0.3017979588795719
241,-500.0,500,0,0.30028896908517405
242,-424.0,425,1,0.2987875242397482
243,-500.0,500,0,0.29729358661854943
244,-371.0,372,1,0.29580711868545667
245,-500.0,500,0,0.2943280830920294
246,-500.0,500,0,0.29285644267656924
247,-500.0,500,0,0.2913921604631864
248,-390.0,391,1,0.28993519966087045
249,-500.0,500,0,0.2884855236625661
250,-500.0,500,0,0.28704309604425327
251,-500.0,500,0,0.285607880564032
252,-500.0,500,0,0.28417984116121187
253,-500.0,500,0,0.2827589419554058
254,-500.0,500,0,0.28134514724562876
255,-500.0,500,0,0.2799384215094006
256,-500.0,500,0,0.27853872940185365
257,-440.0,441,1,0.27714603575484437
258,-500.0,500,0,0.2757603055760701
259,-500.0,500,0,0.2743815040481898
260,-460.0,461,1,0.2730095965279488
261,-500.0,500,0,0.27164454854530906
262,-320.0,321,1,0.2702863258025825
263,-500.0,500,0,0.2689348941735696
264,-500.0,500,0,0.26759021970270175
265,-286.0,287,1,0.2662522686041882
266,-500.0,500,0,0.2649210072611673
267,-500.0,500,0,0.26359640222486147
268,-500.0,500,0,0.26227842021373715
269,-500.0,500,0,0.2609670281126685
270,-500.0,500,0,0.25966219297210513
271,-420.0,421,1,0.2583638820072446
272,-500.0,500,0,0.2570720625972084
273,-500.0,500,0,0.25578670228422234
274,-390.0,391,1,0.25450776877280124
275,-474.0,475,1,0.2532352299289372
276,-500.0,500,0,0.2519690537792925
277,-500.0,500,0,0.2507092085103961
278,-498.0,499,1,0.2494556624678441
279,-500.0,500,0,0.24820838415550486
280,-500.0,500,0,0.24696734223472733
281,-500.0,500,0,0.2457325055235537
282,-500.0,500,0,0.24450384299593592
283,-498.0,499,1,0.24328132378095624
284,-413.0,414,1,0.24206491716205145
285,-500.0,500,0,0.2408545925762412
286,-308.0,309,1,0.23965031961336
287,-500.0,500,0,0.2384520680152932
288,-500.0,500,0,0.23725980767521673
289,-500.0,500,0,0.23607350863684065
290,-500.0,500,0,0.23489314109365644
291,-500.0,500,0,0.23371867538818816
292,-500.0,500,0,0.23255008201124722
293,-420.0,421,1,0.231387331601191
294,-500.0,500,0,0.23023039494318503
295,-500.0,500,0,0.2290792429684691
296,-500.0,500,0,0.22793384675362674
297,-473.0,474,1,0.22679417751985861
298,-500.0,500,0,0.22566020663225933
299,-500.0,500,0,0.22453190559909803
300,-262.0,263,1,0.22340924607110255
301,-468.0,469,1,0.22229219984074702
302,-500.0,500,0,0.2211807388415433
303,-500.0,500,0,0.22007483514733558
304,-408.0,409,1,0.2189744609715989
305,-205.0,206,1,0.2178795886667409
306,-500.0,500,0,0.2167901907234072
307,-444.0,445,1,0.21570623976979014
308,-500.0,500,0,0.21462770857094118
309,-500.0,500,0,0.21355457002808648
310,-396.0,397,1,0.21248679717794605
311,-500.0,500,0,0.21142436319205632
312,-298.0,299,1,0.21036724137609603
313,-500.0,500,0,0.20931540516921554
314,-401.0,402,1,0.20826882814336947
315,-319.0,320,1,0.20722748400265262
316,-500.0,500,0,0.20619134658263935
317,-500.0,500,0,0.20516038984972615
318,-500.0,500,0,0.2041345879004775
319,-282.0,283,1,0.2031139149609751
320,-500.0,500,0,0.20209834538617025
321,-500.0,500,0,0.2010878536592394
322,-500.0,500,0,0.2000824143909432
323,-500.0,500,0,0.19908200231898848
324,-430.0,431,1,0.19808659230739353
325,-500.0,500,0,0.19709615934585656
326,-287.0,288,1,0.19611067854912728
327,-500.0,500,0,0.19513012515638165
328,-500.0,500,0,0.19415447453059972
329,-500.0,500,0,0.19318370215794672
330,-372.0,373,1,0.192217783647157
331,-493.0,494,1,0.1912566947289212
332,-500.0,500,0,0.1903004112552766
333,-500.0,500,0,0.18934890919900021
334,-496.0,497,1,0.18840216465300522
335,-338.0,339,1,0.18746015382974018
336,-427.0,428,1,0.1865228530605915
337,-500.0,500,0,0.18559023879528855
338,-376.0,377,1,0.1846622876013121
339,-500.0,500,0,0.18373897616330553
340,-398.0,399,1,0.182820281282489
341,-500.0,500,0,0.18190617987607657
342,-343.0,344,1,0.18099664897669618
343,-488.0,489,1,0.1800916657318127
344,-500.0,500,0,0.17919120740315364
345,-393.0,394,1,0.17829525136613786
346,-475.0,476,1,0.17740377510930716
347,-278.0,279,1,0.17651675623376062
348,-364.0,365,1,0.1756341724525918
349,-439.0,440,1,0.17475600159032884
350,-500.0,500,0,0.17388222158237718
351,-442.0,443,1,0.1730128104744653
352,-500.0,500,0,0.17214774642209296
353,-389.0,390,1,0.1712870076899825
354,-500.0,500,0,0.17043057265153258
355,-432.0,433,1,0.16957841978827493
356,-317.0,318,1,0.16873052768933355
357,-500.0,500,0,0.1678868750508869
358,-203.0,204,1,0.16704744067563246
359,-500.0,500,0,0.1662122034722543
360,-239.0,240,1,0.16538114245489302
361,-500.0,500,0,0.16455423674261854
362,-358.0,359,1,0.16373146555890544
363,-500.0,500,0,0.16291280823111093
364,-418.0,419,1,0.16209824418995536
365,-500.0,500,0,0.16128775296900558
366,-500.0,500,0,0.16048131420416054
367,-500.0,500,0,0.15967890763313974
368,-258.0,259,1,0.15888051309497406
369,-249.0,250,1,0.1580861105294992
370,-500.0,500,0,0.1572956799768517
371,-500.0,500,0,0.15650920157696743
372,-500.0,500,0,0.1557266555690826
373,-383.0,384,1,0.1549480222912372
374,-500.0,500,0,0.15417328217978102
375,-500.0,500,0,0.1534024157688821
376,-500.0,500,0,0.1526354036900377
377,-500.0,500,0,0.1518722266715875
378,-500.0,500,0,0.15111286553822956
379,-489.0,490,1,0.15035730121053842
380,-500.0,500,0,0.14960551470448571
381,-322.0,323,1,0.14885748713096328
382,-500.0,500,0,0.14811319969530845
383,-304.0,305,1,0.1473726336968319
384,-213.0,214,1,0.14663577052834775
385,-500.0,500,0,0.14590259167570602
386,-269.0,270,1,0.1451730787173275
387,-500.0,500,0,0.14444721332374086
388,-499.0,500,1,0.14372497725712216
389,-500.0,500,0,0.14300635237083656
390,-500.0,500,0,0.14229132060898236
391,-500.0,500,0,0.14157986400593744
392,-500.0,500,0,0.14087196468590776
393,-421.0,422,1,0.14016760486247823
394,-428.0,429,1,0.13946676683816583
395,-491.0,492,1,0.138769433003975
396,-304.0,305,1,0.13807558583895513
397,-500.0,500,0,0.13738520790976036
398,-500.0,500,0,0.13669828187021155
399,-413.0,414,1,0.13601479046086049
400,-460.0,461,1,0.1353347165085562
401,-500.0,500,0,0.1346580429260134
402,-500.0,500,0,0.13398475271138335
403,-500.0,500,0,0.13331482894782642
404,-500.0,500,0,0.13264825480308728
405,-500.0,500,0,0.13198501352907185
406,-365.0,366,1,0.1313250884614265
407,-500.0,500,0,0.13066846301911936
408,-500.0,500,0,0.13001512070402377
409,-500.0,500,0,0.12936504510050365
410,-500.0,500,0,0.12871821987500112
411,-349.0,350,1,0.12807462877562611
412,-298.0,299,1,0.12743425563174798
413,-291.0,292,1,0.12679708435358925
414,-367.0,368,1,0.1261630989318213
415,-500.0,500,0,0.1255322834371622
416,-500.0,500,0,0.12490462201997637
417,-500.0,500,0,0.1242800989098765
418,-500.0,500,0,0.12365869841532712
419,-453.0,454,1,0.12304040492325048
420,-379.0,380,1,0.12242520289863423
421,-464.0,465,1,0.12181307688414106
422,-500.0,500,0,0.12120401149972035
423,-315.0,316,1,0.12059799144222175
424,-390.0,391,1,0.11999500148501063
425,-500.0,500,0,0.11939502647758558
426,-225.0,226,1,0.11879805134519765
427,-500.0,500,0,0.11820406108847166
428,-500.0,500,0,0.1176130407830293
429,-410.0,411,1,0.11702497557911415
430,-500.0,500,0,0.11643985070121858
431,-424.0,425,1,0.11585765144771248
432,-500.0,500,0,0.11527836319047392
433,-433.0,434,1,0.11470197137452155
434,-494.0,495,1,0.11412846151764894
435,-500.0,500,0,0.1135578192100607
436,-305.0,306,1,0.11299003011401039
437,-500.0,500,0,0.11242507996344034
438,-475.0,476,1,0.11186295456362313
439,-500.0,500,0,0.11130363979080501
440,-500.0,500,0,0.11074712159185099
441,-500.0,500,0,0.11019338598389174
442,-245.0,246,1,0.10964241905397228
443,-358.0,359,1,0.10909420695870241
444,-452.0,453,1,0.1085487359239089
445,-500.0,500,0,0.10800599224428936
446,-265.0,266,1,0.10746596228306791
447,-500.0,500,0,0.10692863247165257
448,-500.0,500,0,0.1063939893092943
449,-407.0,408,1,0.10586201936274783
450,-279.0,280,1,0.10533270926593409
451,-500.0,500,0,0.10480604571960442
452,-352.0,353,1,0.1042820154910064
453,-249.0,250,1,0.10376060541355137
454,-500.0,500,0,0.1032418023864836
455,-500.0,500,0,0.10272559337455119
456,-429.0,430,1,0.10221196540767843
457,-500.0,500,0,0.10170090558064004
458,-453.0,454,1,0.10119240105273684
459,-500.0,500,0,0.10068643904747315
460,-500.0,500,0,0.10018300685223579
461,-500.0,500,0,0.0996820918179746
462,-447.0,448,1,0.09918368135888474
463,-500.0,500,0,0.09868776295209031
464,-500.0,500,0,0.09819432413732986
465,-500.0,500,0,0.09770335251664321
466,-414.0,415,1,0.09721483575406
467,-396.0,397,1,0.09672876157528969
468,-500.0,500,0,0.09624511776741324
469,-335.0,336,1,0.09576389217857617
470,-386.0,387,1,0.09528507271768329
471,-340.0,341,1,0.09480864735409487
472,-305.0,306,1,0.0943346041173244
473,-500.0,500,0,0.09386293109673778
474,-181.0,182,1,0.09339361644125409
475,-466.0,467,1,0.09292664835904782
476,-500.0,500,0,0.09246201511725258
477,-500.0,500,0,0.09199970504166631
478,-500.0,500,0,0.09153970651645797
479,-500.0,500,0,0.09108200798387568
480,-500.0,500,0,0.0906265979439563
481,-454.0,455,1,0.09017346495423652
482,-431.0,432,1,0.08972259762946533
483,-500.0,500,0,0.089273984641318
484,-500.0,500,0,0.0888276147181114
485,-342.0,343,1,0.08838347664452084
486,-500.0,500,0,0.08794155926129824
487,-500.0,500,0,0.08750185146499175
488,-500.0,500,0,0.08706434220766679
489,-500.0,500,0,0.08662902049662846
490,-360.0,361,1,0.08619587539414532
491,-491.0,492,1,0.08576489601717459
492,-500.0,500,0,0.08533607153708872
493,-500.0,500,0,0.08490939117940327
494,-430.0,431,1,0.08448484422350626
495,-500.0,500,0,0.08406242000238873
496,-409.0,410,1,0.08364210790237678
497,-473.0,474,1,0.0832238973628649
498,-500.0,500,0,0.08280777787605056
499,-500.0,500,0,0.08239373898667031
500,-289.0,290,1,0.08198177029173696
501,-379.0,380,1,0.08157186144027828
502,-500.0,500,0,0.0811640021330769
503,-380.0,381,1,0.08075818212241151
504,-486.0,487,1,0.08035439121179945
505,-213.0,214,1,0.07995261925574046
506,-379.0,380,1,0.07955285615946175
507,-342.0,343,1,0.07915509187866444
508,-369.0,370,1,0.07875931641927113
509,-292.0,293,1,0.07836551983717477
510,-500.0,500,0,0.07797369223798889
511,-500.0,500,0,0.07758382377679894
512,-500.0,500,0,0.07719590465791494
513,-424.0,425,1,0.07680992513462537
514,-306.0,307,1,0.07642587550895225
515,-243.0,244,1,0.07604374613140748
516,-500.0,500,0,0.07566352740075044
517,-369.0,370,1,0.07528520976374668
518,-310.0,311,1,0.07490878371492794
519,-380.0,381,1,0.0745342397963533
520,-500.0,500,0,0.07416156859737154
521,-415.0,416,1,0.07379076075438468
522,-500.0,500,0,0.07342180695061275
523,-477.0,478,1,0.07305469791585968
524,-500.0,500,0,0.07268942442628039
525,-500.0,500,0,0.07232597730414898
526,-500.0,500,0,0.07196434741762824
527,-428.0,429,1,0.0716045256805401
528,-315.0,316,1,0.0712465030521374
529,-500.0,500,0,0.0708902705368767
530,-500.0,500,0,0.07053581918419231
531,-500.0,500,0,0.07018314008827135
532,-324.0,325,1,0.06983222438783
533,-380.0,381,1,0.06948306326589085
534,-500.0,500,0,0.0691356479495614
535,-500.0,500,0,0.06878996970981359
536,-500.0,500,0,0.06844601986126451
537,-304.0,305,1,0.06810378976195819
538,-500.0,500,0,0.0677632708131484
539,-500.0,500,0,0.06742445445908266
540,-291.0,292,1,0.06708733218678724
541,-500.0,500,0,0.0667518955258533
542,-500.0,500,0,0.06641813604822402
543,-500.0,500,0,0.0660860453679829
544,-500.0,500,0,0.06575561514114299
545,-500.0,500,0,0.06542683706543727
546,-500.0,500,0,0.06509970288011008
547,-500.0,500,0,0.06477420436570952
548,-500.0,500,0,0.06445033334388098
549,-405.0,406,1,0.06412808167716157
550,-500.0,500,0,0.06380744126877576
551,-500.0,500,0,0.06348840406243188
552,-390.0,391,1,0.06317096204211972
553,-347.0,348,1,0.06285510723190912
554,-297.0,298,1,0.06254083169574957
555,-500.0,500,0,0.062228127537270826
556,-422.0,423,1,0.06191698689958447
557,-500.0,500,0,0.061607401965086545
558,-305.0,306,1,0.06129936495526111
559,-355.0,356,1,0.0609928681304848
560,-328.0,329,1,0.060687903789832374
561,-254.0,255,1,0.06038446427088321
562,-500.0,500,0,0.06008254194952879
563,-293.0,294,1,0.05978212923978115
564,-367.0,368,1,0.05948321859358224
565,-386.0,387,1,0.05918580250061433
566,-500.0,500,0,0.058889873488111255
567,-500.0,500,0,0.058595424120670696
568,-500.0,500,0,0.05830244700006734
569,-432.0,433,1,0.058010934765067
570,-431.0,432,1,0.05772088009124167
571,-500.0,500,0,0.05743227569078546
572,-343.0,344,1,0.05714511431233153
573,-276.0,277,1,0.05685938874076987
574,-500.0,500,0,0.056575091797066025
575,-462.0,463,1,0.056292216338080694
576,-359.0,360,1,0.05601075525639029
577,-469.0,470,1,0.05573070148010834
578,-419.0,420,1,0.0554520479727078
579,-500.0,500,0,0.05517478773284426
580,-304.0,305,1,0.05489891379418004
581,-315.0,316,1,0.05462441922520914
582,-500.0,500,0,0.0543512971290831
583,-370.0,371,1,0.05407954064343768
584,-337.0,338,1,0.05380914294022049
585,-268.0,269,1,0.05354009722551939
586,-299.0,300,1,0.05327239673939179
587,-500.0,500,0,0.053006034755694834
588,-311.0,312,1,0.052741004581916356
589,-264.0,265,1,0.052477299559006776
590,-302.0,303,1,0.052214913061211746
591,-229.0,230,1,0.05195383849590569
592,-337.0,338,1,0.05169406930342616
593,-500.0,500,0,0.05143559895690903
594,-500.0,500,0,0.051178420962124486
595,-297.0,298,1,0.05092252885731386
596,-500.0,500,0,0.05066791621302729
597,-330.0,331,1,0.05041457663196215
598,-425.0,426,1,0.050162503748802344
599,-500.0,500,0,0.05
600,-500.0,500,0,0.05
601,-410.0,411,1,0.05
602,-346.0,347,1,0.05
603,-500.0,500,0,0.05
604,-500.0,500,0,0.05
605,-500.0,500,0,0.05
606,-500.0,500,0,0.05
607,-500.0,500,0,0.05
608,-236.0,237,1,0.05
609,-471.0,472,1,0.05
610,-333.0,334,1,0.05
611,-500.0,500,0,0.05
612,-381.0,382,1,0.05
613,-405.0,406,1,0.05
614,-338.0,339,1,0.05
615,-325.0,326,1,0.05
616,-198.0,199,1,0.05
617,-325.0,326,1,0.05
618,-378.0,379,1,0.05
619,-302.0,303,1,0.05
620,-402.0,403,1,0.05
621,-500.0,500,0,0.05
622,-343.0,344,1,0.05
623,-500.0,500,0,0.05
624,-357.0,358,1,0.05
625,-500.0,500,0,0.05
626,-500.0,500,0,0.05
627,-500.0,500,0,0.05
628,-295.0,296,1,0.05
629,-500.0,500,0,0.05
630,-284.0,285,1,0.05
631,-500.0,500,0,0.05
632,-244.0,245,1,0.05
633,-500.0,500,0,0.05
634,-466.0,467,1,0.05
635,-468.0,469,1,0.05
636,-500.0,500,0,0.05
637,-367.0,368,1,0.05
638,-500.0,500,0,0.05
639,-500.0,500,0,0.05
640,-434.0,435,1,0.05
641,-343.0,344,1,0.05
642,-239.0,240,1,0.05
643,-440.0,441,1,0.05
644,-345.0,346,1,0.05
645,-427.0,428,1,0.05
646,-500.0,500,0,0.05
647,-343.0,344,1,0.05
648,-500.0,500,0,0.05
649,-500.0,500,0,0.05
650,-500.0,500,0,0.05
651,-286.0,287,1,0.05
652,-274.0,275,1,0.05
653,-500.0,500,0,0.05
654,-199.0,200,1,0.05
655,-500.0,500,0,0.05
656,-500.0,500,0,0.05
657,-500.0,500,0,0.05
658,-320.0,321,1,0.05
659,-500.0,500,0,0.05
660,-498.0,499,1,0.05
661,-464.0,465,1,0.05
662,-387.0,388,1,0.05
663,-204.0,205,1,0.05
664,-235.0,236,1,0.05
665,-500.0,500,0,0.05
666,-374.0,375,1,0.05
667,-389.0,390,1,0.05
668,-500.0,500,0,0.05
669,-500.0,500,0,0.05
670,-464.0,465,1,0.05
671,-500.0,500,0,0.05
672,-500.0,500,0,0.05
673,-500.0,500,0,0.05
674,-395.0,396,1,0.05
675,-500.0,500,0,0.05
676,-500.0,500,0,0.05
677,-251.0,252,1,0.05
678,-500.0,500,0,0.05
679,-361.0,362,1,0.05
680,-500.0,500,0,0.05
681,-376.0,377,1,0.05
682,-183.0,184,1,0.05
683,-357.0,358,1,0.05
684,-418.0,419,1,0.05
685,-361.0,362,1,0.05
686,-500.0,500,0,0.05
687,-500.0,500,0,0.05
688,-408.0,409,1,0.05
689,-363.0,364,1,0.05
690,-500.0,500,0,0.05
691,-452.0,453,1,0.05
692,-356.0,357,1,0.05
693,-344.0,345,1,0.05
694,-222.0,223,1,0.05
695,-500.0,500,0,0.05
696,-376.0,377,1,0.05
697,-371.0,372,1,0.05
698,-311.0,312,1,0.05
699,-488.0,489,1,0.05
700,-500.0,500,0,0.05
701,-380.0,381,1,0.05
702,-500.0,500,0,0.05
703,-500.0,500,0,0.05
704,-355.0,356,1,0.05
705,-346.0,347,1,0.05
706,-265.0,266,1,0.05
707,-500.0,500,0,0.05
708,-296.0,297,1,0.05
709,-379.0,380,1,0.05
710,-500.0,500,0,0.05
711,-500.0,500,0,0.05
712,-500.0,500,0,0.05
713,-500.0,500,0,0.05
714,-500.0,500,0,0.05
715,-500.0,500,0,0.05
716,-500.0,500,0,0.05
717,-500.0,500,0,0.05
718,-500.0,500,0,0.05
719,-500.0,500,0,0.05
720,-500.0,500,0,0.05
721,-500.0,500,0,0.05
722,-500.0,500,0,0.05
723,-500.0,500,0,0.05
724,-500.0,500,0,0.05
725,-500.0,500,0,0.05
726,-500.0,500,0,0.05
727,-500.0,500,0,0.05
728,-500.0,500,0,0.05
729,-500.0,500,0,0.05
730,-500.0,500,0,0.05
731,-500.0,500,0,0.05
732,-289.0,290,1,0.05
733,-500.0,500,0,0.05
734,-404.0,405,1,0.05
735,-500.0,500,0,0.05
736,-487.0,488,1,0.05
737,-342.0,343,1,0.05
738,-500.0,500,0,0.05
739,-500.0,500,0,0.05
740,-306.0,307,1,0.05
741,-482.0,483,1,0.05
742,-319.0,320,1,0.05
743,-500.0,500,0,0.05
744,-500.0,500,0,0.05
745,-500.0,500,0,0.05
746,-500.0,500,0,0.05
747,-500.0,500,0,0.05
748,-440.0,441,1,0.05
749,-500.0,500,0,0.05
750,-401.0,402,1,0.05
751,-500.0,500,0,0.05
752,-418.0,419,1,0.05
753,-500.0,500,0,0.05
754,-420.0,421,1,0.05
755,-386.0,387,1,0.05
756,-338.0,339,1,0.05
757,-369.0,370,1,0.05
758,-500.0,500,0,0.05
759,-331.0,332,1,0.05
760,-253.0,254,1,0.05
761,-420.0,421,1,0.05
762,-281.0,282,1,0.05
763,-500.0,500,0,0.05
764,-311.0,312,1,0.05
765,-500.0,500,0,0.05
766,-399.0,400,1,0.05
767,-500.0,500,0,0.05
768,-500.0,500,0,0.05
769,-495.0,496,1,0.05
770,-200.0,201,1,0.05
771,-500.0,500,0,0.05
772,-421.0,422,1,0.05
773,-308.0,309,1,0.05
774,-337.0,338,1,0.05
775,-500.0,500,0,0.05
776,-485.0,486,1,0.05
777,-415.0,416,1,0.05
778,-500.0,500,0,0.05
779,-500.0,500,0,0.05
780,-500.0,500,0,0.05
781,-500.0,500,0,0.05
782,-500.0,500,0,0.05
783,-183.0,184,1,0.05
784,-500.0,500,0,0.05
785,-311.0,312,1,0.05
786,-326.0,327,1,0.05
787,-500.0,500,0,0.05
788,-333.0,334,1,0.05
789,-294.0,295,1,0.05
790,-500.0,500,0,0.05
791,-500.0,500,0,0.05
792,-500.0,500,0,0.05
793,-407.0,408,1,0.05
794,-425.0,426,1,0.05
795,-455.0,456,1,0.05
796,-500.0,500,0,0.05
797,-243.0,244,1,0.05
798,-500.0,500,0,0.05
799,-500.0,500,0,0.05
800,-500.0,500,0,0.05
801,-500.0,500,0,0.05
802,-175.0,176,1,0.05
803,-274.0,275,1,0.05
804,-284.0,285,1,0.05
805,-433.0,434,1,0.05
806,-500.0,500,0,0.05
807,-500.0,500,0,0.05
808,-208.0,209,1,0.05
809,-255.0,256,1,0.05
810,-291.0,292,1,0.05
811,-500.0,500,0,0.05
812,-483.0,484,1,0.05
813,-272.0,273,1,0.05
814,-500.0,500,0,0.05
815,-317.0,318,1,0.05
816,-377.0,378,1,0.05
817,-500.0,500,0,0.05
818,-326.0,327,1,0.05
819,-500.0,500,0,0.05
820,-252.0,253,1,0.05
821,-259.0,260,1,0.05
822,-443.0,444,1,0.05
823,-142.0,143,1,0.05
824,-500.0,500,0,0.05
825,-500.0,500,0,0.05
826,-260.0,261,1,0.05
827,-240.0,241,1,0.05
828,-500.0,500,0,0.05
829,-141.0,142,1,0.05
830,-319.0,320,1,0.05
831,-258.0,259,1,0.05
832,-299.0,300,1,0.05
833,-412.0,413,1,0.05
834,-308.0,309,1,0.05
835,-381.0,382,1,0.05
836,-255.0,256,1,0.05
837,-216.0,217,1,0.05
838,-275.0,276,1,0.05
839,-373.0,374,1,0.05
840,-353.0,354,1,0.05
841,-331.0,332,1,0.05
842,-289.0,290,1,0.05
843,-364.0,365,1,0.05
844,-406.0,407,1,0.05
845,-426.0,427,1,0.05
846,-333.0,334,1,0.05
847,-291.0,292,1,0.05
848,-228.0,229,1,0.05
849,-500.0,500,0,0.05
850,-377.0,378,1,0.05
851,-286.0,287,1,0.05
852,-243.0,244,1,0.05
853,-500.0,500,0,0.05
854,-341.0,342,1,0.05
855,-326.0,327,1,0.05
856,-286.0,287,1,0.05
857,-334.0,335,1,0.05
858,-258.0,259,1,0.05
859,-368.0,369,1,0.05
860,-328.0,329,1,0.05
861,-243.0,244,1,0.05
862,-467.0,468,1,0.05
863,-500.0,500,0,0.05
864,-463.0,464,1,0.05
865,-500.0,500,0,0.05
866,-294.0,295,1,0.05
867,-262.0,263,1,0.05
868,-500.0,500,0,0.05
869,-500.0,500,0,0.05
870,-311.0,312,1,0.05
871,-500.0,500,0,0.05
872,-500.0,500,0,0.05
873,-235.0,236,1,0.05
874,-478.0,479,1,0.05
875,-500.0,500,0,0.05
876,-318.0,319,1,0.05
877,-283.0,284,1,0.05
878,-500.0,500,0,0.05
879,-337.0,338,1,0.05
880,-360.0,361,1,0.05
881,-428.0,429,1,0.05
882,-500.0,500,0,0.05
883,-367.0,368,1,0.05
884,-272.0,273,1,0.05
885,-224.0,225,1,0.05
886,-365.0,366,1,0.05
887,-336.0,337,1,0.05
888,-265.0,266,1,0.05
889,-319.0,320,1,0.05
890,-392.0,393,1,0.05
891,-500.0,500,0,0.05
892,-500.0,500,0,0.05
893,-277.0,278,1,0.05
894,-240.0,241,1,0.05
895,-500.0,500,0,0.05
896,-500.0,500,0,0.05
897,-194.0,195,1,0.05
898,-199.0,200,1,0.05
899,-340.0,341,1,0.05
900,-390.0,391,1,0.05
901,-311.0,312,1,0.05
902,-347.0,348,1,0.05
903,-229.0,230,1,0.05
904,-383.0,384,1,0.05
905,-340.0,341,1,0.05
906,-425.0,426,1,0.05
907,-309.0,310,1,0.05
908,-359.0,360,1,0.05
909,-245.0,246,1,0.05
910,-500.0,500,0,0.05
911,-500.0,500,0,0.05
912,-230.0,231,1,0.05
913,-325.0,326,1,0.05
914,-403.0,404,1,0.05
915,-338.0,339,1,0.05
916,-434.0,435,1,0.05
917,-500.0,500,0,0.05
918,-307.0,308,1,0.05
919,-253.0,254,1,0.05
920,-500.0,500,0,0.05
921,-311.0,312,1,0.05
922,-304.0,305,1,0.05
923,-393.0,394,1,0.05
924,-500.0,500,0,0.05
925,-258.0,259,1,0.05
926,-476.0,477,1,0.05
927,-500.0,500,0,0.05
928,-500.0,500,0,0.05
929,-500.0,500,0,0.05
930,-477.0,478,1,0.05
931,-396.0,397,1,0.05
932,-267.0,268,1,0.05
933,-325.0,326,1,0.05
934,-203.0,204,1,0.05
935,-340.0,341,1,0.05
936,-183.0,184,1,0.05
937,-277.0,278,1,0.05
938,-260.0,261,1,0.05
939,-380.0,381,1,0.05
940,-288.0,289,1,0.05
941,-473.0,474,1,0.05
942,-500.0,500,0,0.05
943,-254.0,255,1,0.05
944,-274.0,275,1,0.05
945,-382.0,383,1,0.05
946,-272.0,273,1,0.05
947,-264.0,265,1,0.05
948,-225.0,226,1,0.05
949,-206.0,207,1,0.05
950,-500.0,500,0,0.05
951,-361.0,362,1,0.05
952,-314.0,315,1,0.05
953,-440.0,441,1,0.05
954,-322.0,323,1,0.05
955,-500.0,500,0,0.05
956,-230.0,231,1,0.05
957,-338.0,339,1,0.05
958,-211.0,212,1,0.05
959,-500.0,500,0,0.05
960,-418.0,419,1,0.05
961,-500.0,500,0,0.05
962,-273.0,274,1,0.05
963,-312.0,313,1,0.05
964,-366.0,367,1,0.05
965,-203.0,204,1,0.05
966,-403.0,404,1,0.05
967,-282.0,283,1,0.05
968,-219.0,220,1,0.05
969,-500.0,500,0,0.05
970,-473.0,474,1,0.05
971,-500.0,500,0,0.05
972,-234.0,235,1,0.05
973,-500.0,500,0,0.05
974,-296.0,297,1,0.05
975,-280.0,281,1,0.05
976,-500.0,500,0,0.05
977,-500.0,500,0,0.05
978,-493.0,494,1,0.05
979,-500.0,500,0,0.05
980,-500.0,500,0,0.05
981,-500.0,500,0,0.05
982,-368.0,369,1,0.05
983,-500.0,500,0,0.05
984,-309.0,310,1,0.05
985,-392.0,393,1,0.05
986,-500.0,500,0,0.05
987,-411.0,412,1,0.05
988,-234.0,235,1,0.05
989,-417.0,418,1,0.05
990,-500.0,500,0,0.05
991,-481.0,482,1,0.05
992,-179.0,180,1,0.05
993,-500.0,500,0,0.05
994,-355.0,356,1,0.05
995,-500.0,500,0,0.05
996,-500.0,500,0,0.05
997,-245.0,246,1,0.05
998,-410.0,411,1,0.05
999,-500.0,500,0,0.05
1000,-500.0,500,0,0.05
1001,-382.0,383,1,0.05
1002,-500.0,500,0,0.05
1003,-211.0,212,1,0.05
1004,-368.0,369,1,0.05
1005,-500.0,500,0,0.05
1006,-500.0,500,0,0.05
1007,-352.0,353,1,0.05
1008,-357.0,358,1,0.05
1009,-385.0,386,1,0.05
1010,-306.0,307,1,0.05
1011,-206.0,207,1,0.05
1012,-301.0,302,1,0.05
1013,-393.0,394,1,0.05
1014,-297.0,298,1,0.05
1015,-287.0,288,1,0.05
1016,-498.0,499,1,0.05
1017,-278.0,279,1,0.05
1018,-288.0,289,1,0.05
1019,-370.0,371,1,0.05
1020,-241.0,242,1,0.05
1021,-500.0,500,0,0.05
1022,-500.0,500,0,0.05
1023,-241.0,242,1,0.05
1024,-492.0,493,1,0.05
1025,-355.0,356,1,0.05
1026,-233.0,234,1,0.05
1027,-237.0,238,1,0.05
1028,-230.0,231,1,0.05
1029,-238.0,239,1,0.05
1030,-426.0,427,1,0.05
1031,-371.0,372,1,0.05
1032,-233.0,234,1,0.05
1033,-500.0,500,0,0.05
1034,-445.0,446,1,0.05
1035,-342.0,343,1,0.05
1036,-500.0,500,0,0.05
1037,-265.0,266,1,0.05
1038,-385.0,386,1,0.05
1039,-426.0,427,1,0.05
1040,-228.0,229,1,0.05
1041,-428.0,429,1,0.05
1042,-299.0,300,1,0.05
1043,-369.0,370,1,0.05
1044,-500.0,500,0,0.05
1045,-282.0,283,1,0.05
1046,-341.0,342,1,0.05
1047,-392.0,393,1,0.05
1048,-500.0,500,0,0.05
1049,-360.0,361,1,0.05
1050,-307.0,308,1,0.05
1051,-230.0,231,1,0.05
1052,-229.0,230,1,0.05
1053,-287.0,288,1,0.05
1054,-150.0,151,1,0.05
1055,-365.0,366,1,0.05
1056,-207.0,208,1,0.05
1057,-341.0,342,1,0.05
1058,-465.0,466,1,0.05
1059,-286.0,287,1,0.05
1060,-266.0,267,1,0.05
1061,-317.0,318,1,0.05
1062,-418.0,419,1,0.05
1063,-500.0,500,0,0.05
1064,-287.0,288,1,0.05
1065,-259.0,260,1,0.05
1066,-500.0,500,0,0.05
1067,-355.0,356,1,0.05
1068,-500.0,500,0,0.05
1069,-187.0,188,1,0.05
1070,-500.0,500,0,0.05
1071,-464.0,465,1,0.05
1072,-500.0,500,0,0.05
1073,-342.0,343,1,0.05
1074,-487.0,488,1,0.05
1075,-444.0,445,1,0.05
1076,-487.0,488,1,0.05
1077,-341.0,342,1,0.05
1078,-500.0,500,0,0.05
1079,-397.0,398,1,0.05
1080,-194.0,195,1,0.05
1081,-500.0,500,0,0.05
1082,-417.0,418,1,0.05
1083,-392.0,393,1,0.05
1084,-269.0,270,1,0.05
1085,-389.0,390,1,0.05
1086,-500.0,500,0,0.05
1087,-313.0,314,1,0.05
1088,-500.0,500,0,0.05
1089,-311.0,312,1,0.05
1090,-441.0,442,1,0.05
1091,-500.0,500,0,0.05
1092,-305.0,306,1,0.05
1093,-239.0,240,1,0.05
1094,-253.0,254,1,0.05
1095,-498.0,499,1,0.05
1096,-472.0,473,1,0.05
1097,-315.0,316,1,0.05
1098,-500.0,500,0,0.05
1099,-194.0,195,1,0.05
1100,-500.0,500,0,0.05
1101,-314.0,315,1,0.05
1102,-392.0,393,1,0.05
1103,-500.0,500,0,0.05
1104,-345.0,346,1,0.05
1105,-303.0,304,1,0.05
1106,-271.0,272,1,0.05
1107,-306.0,307,1,0.05
1108,-500.0,500,0,0.05
1109,-500.0,500,0,0.05
1110,-174.0,175,1,0.05
1111,-500.0,500,0,0.05
1112,-500.0,500,0,0.05
1113,-410.0,411,1,0.05
1114,-392.0,393,1,0.05
1115,-500.0,500,0,0.05
1116,-497.0,498,1,0.05
1117,-297.0,298,1,0.05
1118,-406.0,407,1,0.05
1119,-494.0,495,1,0.05
1120,-275.0,276,1,0.05
1121,-415.0,416,1,0.05
1122,-251.0,252,1,0.05
1123,-469.0,470,1,0.05
1124,-271.0,272,1,0.05
1125,-342.0,343,1,0.05
1126,-289.0,290,1,0.05
1127,-368.0,369,1,0.05
1128,-238.0,239,1,0.05
1129,-368.0,369,1,0.05
1130,-500.0,500,0,0.05
1131,-500.0,500,0,0.05
1132,-374.0,375,1,0.05
1133,-431.0,432,1,0.05
1134,-416.0,417,1,0.05
1135,-315.0,316,1,0.05
1136,-500.0,500,0,0.05
1137,-386.0,387,1,0.05
1138,-257.0,258,1,0.05
1139,-452.0,453,1,0.05
1140,-500.0,500,0,0.05
1141,-232.0,233,1,0.05
1142,-309.0,310,1,0.05
1143,-298.0,299,1,0.05
1144,-164.0,165,1,0.05
1145,-500.0,500,0,0.05
1146,-278.0,279,1,0.05
1147,-500.0,500,0,0.05
1148,-500.0,500,0,0.05
1149,-500.0,500,0,0.05
1150,-425.0,426,1,0.05
1151,-500.0,500,0,0.05
1152,-298.0,299,1,0.05
1153,-319.0,320,1,0.05
1154,-500.0,500,0,0.05
1155,-271.0,272,1,0.05
1156,-304.0,305,1,0.05
1157,-465.0,466,1,0.05
1158,-264.0,265,1,0.05
1159,-234.0,235,1,0.05
1160,-500.0,500,0,0.05
1161,-375.0,376,1,0.05
1162,-205.0,206,1,0.05
1163,-177.0,178,1,0.05
1164,-301.0,302,1,0.05
1165,-495.0,496,1,0.05
1166,-249.0,250,1,0.05
1167,-327.0,328,1,0.05
1168,-261.0,262,1,0.05
1169,-500.0,500,0,0.05
1170,-277.0,278,1,0.05
1171,-500.0,500,0,0.05
1172,-233.0,234,1,0.05
1173,-308.0,309,1,0.05
1174,-314.0,315,1,0.05
1175,-207.0,208,1,0.05
1176,-330.0,331,1,0.05
1177,-404.0,405,1,0.05
1178,-223.0,224,1,0.05
1179,-500.0,500,0,0.05
1180,-380.0,381,1,0.05
1181,-358.0,359,1,0.05
1182,-170.0,171,1,0.05
1183,-325.0,326,1,0.05
1184,-500.0,500,0,0.05
1185,-257.0,258,1,0.05
1186,-415.0,416,1,0.05
1187,-500.0,500,0,0.05
1188,-451.0,452,1,0.05
1189,-500.0,500,0,0.05
1190,-380.0,381,1,0.05
1191,-224.0,225,1,0.05
1192,-308.0,309,1,0.05
1193,-387.0,388,1,0.05
1194,-310.0,311,1,0.05
1195,-194.0,195,1,0.05
1196,-500.0,500,0,0.05
1197,-500.0,500,0,0.05
1198,-500.0,500,0,0.05
1199,-468.0,469,1,0.05
1200,-475.0,476,1,0.05
1201,-236.0,237,1,0.05
1202,-285.0,286,1,0.05
1203,-446.0,447,1,0.05
1204,-250.0,251,1,0.05
1205,-296.0,297,1,0.05
1206,-469.0,470,1,0.05
1207,-215.0,216,1,0.05
1208,-383.0,384,1,0.05
1209,-244.0,245,1,0.05
1210,-381.0,382,1,0.05
1211,-271.0,272,1,0.05
1212,-185.0,186,1,0.05
1213,-276.0,277,1,0.05
1214,-428.0,429,1,0.05
1215,-172.0,173,1,0.05
1216,-129.0,130,1,0.05
1217,-500.0,500,0,0.05
1218,-197.0,198,1,0.05
1219,-153.0,154,1,0.05
1220,-385.0,386,1,0.05
1221,-500.0,500,0,0.05
1222,-190.0,191,1,0.05
1223,-387.0,388,1,0.05
1224,-243.0,244,1,0.05
1225,-235.0,236,1,0.05
1226,-328.0,329,1,0.05
1227,-306.0,307,1,0.05
1228,-317.0,318,1,0.05
1229,-230.0,231,1,0.05
1230,-322.0,323,1,0.05
1231,-231.0,232,1,0.05
1232,-320.0,321,1,0.05
1233,-397.0,398,1,0.05
1234,-500.0,500,0,0.05
1235,-261.0,262,1,0.05
1236,-212.0,213,1,0.05
1237,-319.0,320,1,0.05
1238,-349.0,350,1,0.05
1239,-190.0,191,1,0.05
1240,-500.0,500,0,0.05
1241,-362.0,363,1,0.05
1242,-280.0,281,1,0.05
1243,-205.0,206,1,0.05
1244,-424.0,425,1,0.05
1245,-386.0,387,1,0.05
1246,-485.0,486,1,0.05
1247,-235.0,236,1,0.05
1248,-203.0,204,1,0.05
1249,-257.0,258,1,0.05
1250,-265.0,266,1,0.05
1251,-234.0,235,1,0.05
1252,-500.0,500,0,0.05
1253,-204.0,205,1,0.05
1254,-254.0,255,1,0.05
1255,-434.0,435,1,0.05
1256,-236.0,237,1,0.05
1257,-193.0,194,1,0.05
1258,-321.0,322,1,0.05
1259,-188.0,189,1,0.05
1260,-399.0,400,1,0.05
1261,-190.0,191,1,0.05
1262,-233.0,234,1,0.05
1263,-333.0,334,1,0.05
1264,-335.0,336,1,0.05
1265,-252.0,253,1,0.05
1266,-388.0,389,1,0.05
1267,-243.0,244,1,0.05
1268,-399.0,400,1,0.05
1269,-500.0,500,0,0.05
1270,-500.0,500,0,0.05
1271,-337.0,338,1,0.05
1272,-289.0,290,1,0.05
1273,-355.0,356,1,0.05
1274,-340.0,341,1,0.05
1275,-500.0,500,0,0.05
1276,-333.0,334,1,0.05
1277,-180.0,181,1,0.05
1278,-457.0,458,1,0.05
1279,-309.0,310,1,0.05
1280,-351.0,352,1,0.05
1281,-252.0,253,1,0.05
1282,-327.0,328,1,0.05
1283,-475.0,476,1,0.05
1284,-305.0,306,1,0.05
1285,-439.0,440,1,0.05
1286,-286.0,287,1,0.05
1287,-284.0,285,1,0.05
1288,-283.0,284,1,0.05
1289,-193.0,194,1,0.05
1290,-197.0,198,1,0.05
1291,-429.0,430,1,0.05
1292,-284.0,285,1,0.05
1293,-500.0,500,0,0.05
1294,-338.0,339,1,0.05
1295,-266.0,267,1,0.05
1296,-412.0,413,1,0.05
1297,-462.0,463,1,0.05
1298,-226.0,227,1,0.05
1299,-216.0,217,1,0.05
1300,-400.0,401,1,0.05
1301,-320.0,321,1,0.05
1302,-382.0,383,1,0.05
1303,-496.0,497,1,0.05
1304,-210.0,211,1,0.05
1305,-274.0,275,1,0.05
1306,-377.0,378,1,0.05
1307,-359.0,360,1,0.05
1308,-340.0,341,1,0.05
1309,-320.0,321,1,0.05
1310,-368.0,369,1,0.05
1311,-363.0,364,1,0.05
1312,-500.0,500,0,0.05
1313,-500.0,500,0,0.05
1314,-487.0,488,1,0.05
1315,-471.0,472,1,0.05
1316,-355.0,356,1,0.05
1317,-291.0,292,1,0.05
1318,-420.0,421,1,0.05
1319,-286.0,287,1,0.05
1320,-444.0,445,1,0.05
1321,-291.0,292,1,0.05
1322,-500.0,500,0,0.05
1323,-475.0,476,1,0.05
1324,-263.0,264,1,0.05
1325,-375.0,376,1,0.05
1326,-274.0,275,1,0.05
1327,-405.0,406,1,0.05
1328,-364.0,365,1,0.05
1329,-381.0,382,1,0.05
1330,-430.0,431,1,0.05
1331,-500.0,500,0,0.05
1332,-230.0,231,1,0.05
1333,-272.0,273,1,0.05
1334,-387.0,388,1,0.05
1335,-448.0,449,1,0.05
1336,-224.0,225,1,0.05
1337,-405.0,406,1,0.05
1338,-346.0,347,1,0.05
1339,-500.0,500,0,0.05
1340,-438.0,439,1,0.05
1341,-500.0,500,0,0.05
1342,-321.0,322,1,0.05
1343,-245.0,246,1,0.05
1344,-500.0,500,0,0.05
1345,-283.0,284,1,0.05
1346,-500.0,500,0,0.05
1347,-438.0,439,1,0.05
1348,-500.0,500,0,0.05
1349,-358.0,359,1,0.05
1350,-347.0,348,1,0.05
1351,-393.0,394,1,0.05
1352,-500.0,500,0,0.05
1353,-352.0,353,1,0.05
1354,-369.0,370,1,0.05
1355,-353.0,354,1,0.05
1356,-254.0,255,1,0.05
1357,-159.0,160,1,0.05
1358,-372.0,373,1,0.05
1359,-411.0,412,1,0.05
1360,-274.0,275,1,0.05
1361,-500.0,500,0,0.05
1362,-402.0,403,1,0.05
1363,-500.0,500,0,0.05
1364,-262.0,263,1,0.05
1365,-500.0,500,0,0.05
1366,-500.0,500,0,0.05
1367,-311.0,312,1,0.05
1368,-291.0,292,1,0.05
1369,-500.0,500,0,0.05
1370,-308.0,309,1,0.05
1371,-500.0,500,0,0.05
1372,-264.0,265,1,0.05
1373,-397.0,398,1,0.05
1374,-357.0,358,1,0.05
1375,-233.0,234,1,0.05
1376,-500.0,500,0,0.05
1377,-277.0,278,1,0.05
1378,-287.0,288,1,0.05
1379,-338.0,339,1,0.05
1380,-308.0,309,1,0.05
1381,-301.0,302,1,0.05
1382,-345.0,346,1,0.05
1383,-442.0,443,1,0.05
1384,-405.0,406,1,0.05
1385,-336.0,337,1,0.05
1386,-500.0,500,0,0.05
1387,-290.0,291,1,0.05
1388,-500.0,500,0,0.05
1389,-500.0,500,0,0.05
1390,-500.0,500,0,0.05
1391,-305.0,306,1,0.05
1392,-230.0,231,1,0.05
1393,-500.0,500,0,0.05
1394,-500.0,500,0,0.05
1395,-318.0,319,1,0.05
1396,-360.0,361,1,0.05
1397,-419.0,420,1,0.05
1398,-500.0,500,0,0.05
1399,-286.0,287,1,0.05
1400,-485.0,486,1,0.05
1401,-327.0,328,1,0.05
1402,-225.0,226,1,0.05
1403,-500.0,500,0,0.05
1404,-182.0,183,1,0.05
1405,-173.0,174,1,0.05
1406,-500.0,500,0,0.05
1407,-227.0,228,1,0.05
1408,-282.0,283,1,0.05
1409,-288.0,289,1,0.05
1410,-237.0,238,1,0.05
1411,-215.0,216,1,0.05
1412,-305.0,306,1,0.05
1413,-453.0,454,1,0.05
1414,-307.0,308,1,0.05
1415,-287.0,288,1,0.05
1416,-177.0,178,1,0.05
1417,-224.0,225,1,0.05
1418,-344.0,345,1,0.05
1419,-257.0,258,1,0.05
1420,-500.0,500,0,0.05
1421,-489.0,490,1,0.05
1422,-268.0,269,1,0.05
1423,-500.0,500,0,0.05
1424,-500.0,500,0,0.05
1425,-376.0,377,1,0.05
1426,-376.0,377,1,0.05
1427,-246.0,247,1,0.05
1428,-303.0,304,1,0.05
1429,-387.0,388,1,0.05
1430,-232.0,233,1,0.05
1431,-500.0,500,0,0.05
1432,-500.0,500,0,0.05
1433,-183.0,184,1,0.05
1434,-500.0,500,0,0.05
1435,-500.0,500,0,0.05
1436,-196.0,197,1,0.05
1437,-365.0,366,1,0.05
1438,-500.0,500,0,0.05
1439,-500.0,500,0,0.05
1440,-281.0,282,1,0.05
1441,-249.0,250,1,0.05
1442,-205.0,206,1,0.05
1443,-287.0,288,1,0.05
1444,-500.0,500,0,0.05
1445,-233.0,234,1,0.05
1446,-169.0,170,1,0.05
1447,-500.0,500,0,0.05
1448,-210.0,211,1,0.05
1449,-412.0,413,1,0.05
1450,-249.0,250,1,0.05
1451,-333.0,334,1,0.05
1452,-500.0,500,0,0.05
1453,-362.0,363,1,0.05
1454,-210.0,211,1,0.05
1455,-299.0,300,1,0.05
1456,-459.0,460,1,0.05
1457,-398.0,399,1,0.05
1458,-500.0,500,0,0.05
1459,-204.0,205,1,0.05
1460,-405.0,406,1,0.05
1461,-173.0,174,1,0.05
1462,-193.0,194,1,0.05
1463,-235.0,236,1,0.05
1464,-246.0,247,1,0.05
1465,-360.0,361,1,0.05
1466,-359.0,360,1,0.05
1467,-203.0,204,1,0.05
1468,-272.0,273,1,0.05
1469,-500.0,500,0,0.05
1470,-261.0,262,1,0.05
1471,-377.0,378,1,0.05
1472,-265.0,266,1,0.05
1473,-299.0,300,1,0.05
1474,-477.0,478,1,0.05
1475,-410.0,411,1,0.05
1476,-292.0,293,1,0.05
1477,-161.0,162,1,0.05
1478,-193.0,194,1,0.05
1479,-500.0,500,0,0.05
1480,-500.0,500,0,0.05
1481,-500.0,500,0,0.05
1482,-309.0,310,1,0.05
1483,-356.0,357,1,0.05
1484,-465.0,466,1,0.05
1485,-500.0,500,0,0.05
1486,-438.0,439,1,0.05
1487,-420.0,421,1,0.05
1488,-361.0,362,1,0.05
1489,-500.0,500,0,0.05
1490,-350.0,351,1,0.05
1491,-251.0,252,1,0.05
1492,-308.0,309,1,0.05
1493,-348.0,349,1,0.05
1494,-331.0,332,1,0.05
1495,-438.0,439,1,0.05
1496,-401.0,402,1,0.05
1497,-249.0,250,1,0.05
1498,-494.0,495,1,0.05
1499,-305.0,306,1,0.05
1500,-500.0,500,0,0.05
1501,-250.0,251,1,0.05
1502,-308.0,309,1,0.05
1503,-468.0,469,1,0.05
1504,-249.0,250,1,0.05
1505,-326.0,327,1,0.05
1506,-267.0,268,1,0.05
1507,-344.0,345,1,0.05
1508,-500.0,500,0,0.05
1509,-500.0,500,0,0.05
1510,-438.0,439,1,0.05
1511,-500.0,500,0,0.05
1512,-359.0,360,1,0.05
1513,-240.0,241,1,0.05
1514,-469.0,470,1,0.05
1515,-500.0,500,0,0.05
1516,-290.0,291,1,0.05
1517,-389.0,390,1,0.05
1518,-409.0,410,1,0.05
1519,-323.0,324,1,0.05
1520,-500.0,500,0,0.05
1521,-500.0,500,0,0.05
1522,-500.0,500,0,0.05
1523,-197.0,198,1,0.05
1524,-225.0,226,1,0.05
1525,-262.0,263,1,0.05
1526,-243.0,244,1,0.05
1527,-302.0,303,1,0.05
1528,-300.0,301,1,0.05
1529,-373.0,374,1,0.05
1530,-500.0,500,0,0.05
1531,-214.0,215,1,0.05
1532,-460.0,461,1,0.05
1533,-500.0,500,0,0.05
1534,-287.0,288,1,0.05
1535,-500.0,500,0,0.05
1536,-322.0,323,1,0.05
1537,-475.0,476,1,0.05
1538,-409.0,410,1,0.05
1539,-305.0,306,1,0.05
1540,-297.0,298,1,0.05
1541,-210.0,211,1,0.05
1542,-302.0,303,1,0.05
1543,-228.0,229,1,0.05
1544,-204.0,205,1,0.05
1545,-428.0,429,1,0.05
1546,-286.0,287,1,0.05
1547,-256.0,257,1,0.05
1548,-137.0,138,1,0.05
1549,-258.0,259,1,0.05
1550,-381.0,382,1,0.05
1551,-243.0,244,1,0.05
1552,-500.0,500,0,0.05
1553,-422.0,423,1,0.05
1554,-390.0,391,1,0.05
1555,-427.0,428,1,0.05
1556,-432.0,433,1,0.05
1557,-358.0,359,1,0.05
1558,-373.0,374,1,0.05
1559,-365.0,366,1,0.05
1560,-261.0,262,1,0.05
1561,-500.0,500,0,0.05
1562,-251.0,252,1,0.05
1563,-242.0,243,1,0.05
1564,-500.0,500,0,0.05
1565,-399.0,400,1,0.05
1566,-492.0,493,1,0.05
1567,-500.0,500,0,0.05
1568,-187.0,188,1,0.05
1569,-294.0,295,1,0.05
1570,-500.0,500,0,0.05
1571,-196.0,197,1,0.05
1572,-211.0,212,1,0.05
1573,-289.0,290,1,0.05
1574,-500.0,500,0,0.05
1575,-371.0,372,1,0.05
1576,-489.0,490,1,0.05
1577,-359.0,360,1,0.05
1578,-306.0,307,1,0.05
1579,-427.0,428,1,0.05
1580,-224.0,225,1,0.05
1581,-318.0,319,1,0.05
1582,-304.0,305,1,0.05
1583,-500.0,500,0,0.05
1584,-239.0,240,1,0.05
1585,-388.0,389,1,0.05
1586,-290.0,291,1,0.05
1587,-391.0,392,1,0.05
1588,-309.0,310,1,0.05
1589,-375.0,376,1,0.05
1590,-254.0,255,1,0.05
1591,-237.0,238,1,0.05
1592,-294.0,295,1,0.05
1593,-280.0,281,1,0.05
1594,-292.0,293,1,0.05
1595,-446.0,447,1,0.05
1596,-293.0,294,1,0.05
1597,-241.0,242,1,0.05
1598,-230.0,231,1,0.05
1599,-229.0,230,1,0.05
1600,-500.0,500,0,0.05
1601,-500.0,500,0,0.05
1602,-376.0,377,1,0.05
1603,-321.0,322,1,0.05
1604,-281.0,282,1,0.05
1605,-388.0,389,1,0.05
1606,-294.0,295,1,0.05
1607,-257.0,258,1,0.05
1608,-472.0,473,1,0.05
1609,-284.0,285,1,0.05
1610,-500.0,500,0,0.05
1611,-421.0,422,1,0.05
1612,-222.0,223,1,0.05
1613,-500.0,500,0,0.05
1614,-500.0,500,0,0.05
1615,-500.0,500,0,0.05
1616,-350.0,351,1,0.05
1617,-272.0,273,1,0.05
1618,-500.0,500,0,0.05
1619,-247.0,248,1,0.05
1620,-157.0,158,1,0.05
1621,-186.0,187,1,0.05
1622,-454.0,455,1,0.05
1623,-500.0,500,0,0.05
1624,-271.0,272,1,0.05
1625,-343.0,344,1,0.05
1626,-316.0,317,1,0.05
1627,-212.0,213,1,0.05
1628,-307.0,308,1,0.05
1629,-306.0,307,1,0.05
1630,-262.0,263,1,0.05
1631,-290.0,291,1,0.05
1632,-319.0,320,1,0.05
1633,-391.0,392,1,0.05
1634,-277.0,278,1,0.05
1635,-500.0,500,0,0.05
1636,-244.0,245,1,0.05
1637,-160.0,161,1,0.05
1638,-141.0,142,1,0.05
1639,-267.0,268,1,0.05
1640,-415.0,416,1,0.05
1641,-174.0,175,1,0.05
1642,-295.0,296,1,0.05
1643,-257.0,258,1,0.05
1644,-301.0,302,1,0.05
1645,-296.0,297,1,0.05
1646,-190.0,191,1,0.05
1647,-408.0,409,1,0.05
1648,-441.0,442,1,0.05
1649,-175.0,176,1,0.05
1650,-279.0,280,1,0.05
1651,-236.0,237,1,0.05
1652,-500.0,500,0,0.05
1653,-395.0,396,1,0.05
1654,-500.0,500,0,0.05
1655,-282.0,283,1,0.05
1656,-500.0,500,0,0.05
1657,-362.0,363,1,0.05
1658,-240.0,241,1,0.05
1659,-500.0,500,0,0.05
1660,-250.0,251,1,0.05
1661,-353.0,354,1,0.05
1662,-415.0,416,1,0.05
1663,-226.0,227,1,0.05
1664,-369.0,370,1,0.05
1665,-500.0,500,0,0.05
1666,-430.0,431,1,0.05
1667,-356.0,357,1,0.05
1668,-361.0,362,1,0.05
1669,-342.0,343,1,0.05
1670,-316.0,317,1,0.05
1671,-500.0,500,0,0.05
1672,-357.0,358,1,0.05
1673,-500.0,500,0,0.05
1674,-484.0,485,1,0.05
1675,-500.0,500,0,0.05
1676,-353.0,354,1,0.05
1677,-422.0,423,1,0.05
1678,-500.0,500,0,0.05
1679,-500.0,500,0,0.05
1680,-500.0,500,0,0.05
1681,-259.0,260,1,0.05
1682,-500.0,500,0,0.05
1683,-500.0,500,0,0.05
1684,-500.0,500,0,0.05
1685,-500.0,500,0,0.05
1686,-417.0,418,1,0.05
1687,-270.0,271,1,0.05
1688,-211.0,212,1,0.05
1689,-500.0,500,0,0.05
1690,-372.0,373,1,0.05
1691,-355.0,356,1,0.05
1692,-370.0,371,1,0.05
1693,-500.0,500,0,0.05
1694,-500.0,500,0,0.05
1695,-500.0,500,0,0.05
1696,-500.0,500,0,0.05
1697,-242.0,243,1,0.05
1698,-344.0,345,1,0.05
1699,-500.0,500,0,0.05
1700,-323.0,324,1,0.05
1701,-500.0,500,0,0.05
1702,-500.0,500,0,0.05
1703,-392.0,393,1,0.05
1704,-451.0,452,1,0.05
1705,-295.0,296,1,0.05
1706,-253.0,254,1,0.05
1707,-500.0,500,0,0.05
1708,-500.0,500,0,0.05
1709,-500.0,500,0,0.05
1710,-300.0,301,1,0.05
1711,-500.0,500,0,0.05
1712,-500.0,500,0,0.05
1713,-500.0,500,0,0.05
1714,-407.0,408,1,0.05
1715,-414.0,415,1,0.05
1716,-500.0,500,0,0.05
1717,-283.0,284,1,0.05
1718,-318.0,319,1,0.05
1719,-219.0,220,1,0.05
1720,-259.0,260,1,0.05
1721,-446.0,447,1,0.05
1722,-343.0,344,1,0.05
1723,-430.0,431,1,0.05
1724,-354.0,355,1,0.05
1725,-390.0,391,1,0.05
1726,-338.0,339,1,0.05
1727,-500.0,500,0,0.05
1728,-293.0,294,1,0.05
1729,-500.0,500,0,0.05
1730,-500.0,500,0,0.05
1731,-204.0,205,1,0.05
1732,-500.0,500,0,0.05
1733,-500.0,500,0,0.05
1734,-493.0,494,1,0.05
1735,-317.0,318,1,0.05
1736,-349.0,350,1,0.05
1737,-228.0,229,1,0.05
1738,-500.0,500,0,0.05
1739,-277.0,278,1,0.05
1740,-405.0,406,1,0.05
1741,-364.0,365,1,0.05
1742,-262.0,263,1,0.05
1743,-454.0,455,1,0.05
1744,-375.0,376,1,0.05
1745,-257.0,258,1,0.05
1746,-500.0,500,0,0.05
1747,-231.0,232,1,0.05
1748,-332.0,333,1,0.05
1749,-360.0,361,1,0.05
1750,-478.0,479,1,0.05
1751,-369.0,370,1,0.05
1752,-276.0,277,1,0.05
1753,-461.0,462,1,0.05
1754,-500.0,500,0,0.05
1755,-295.0,296,1,0.05
1756,-214.0,215,1,0.05
1757,-261.0,262,1,0.05
1758,-400.0,401,1,0.05
1759,-248.0,249,1,0.05
1760,-278.0,279,1,0.05
1761,-500.0,500,0,0.05
1762,-500.0,500,0,0.05
1763,-494.0,495,1,0.05
1764,-445.0,446,1,0.05
1765,-279.0,280,1,0.05
1766,-313.0,314,1,0.05
1767,-216.0,217,1,0.05
1768,-195.0,196,1,0.05
1769,-300.0,301,1,0.05
1770,-413.0,414,1,0.05
1771,-500.0,500,0,0.05
1772,-238.0,239,1,0.05
1773,-294.0,295,1,0.05
1774,-441.0,442,1,0.05
1775,-371.0,372,1,0.05
1776,-264.0,265,1,0.05
1777,-472.0,473,1,0.05
1778,-457.0,458,1,0.05
1779,-220.0,221,1,0.05
1780,-392.0,393,1,0.05
1781,-144.0,145,1,0.05
1782,-309.0,310,1,0.05
1783,-206.0,207,1,0.05
1784,-206.0,207,1,0.05
1785,-500.0,500,0,0.05
1786,-219.0,220,1,0.05
1787,-250.0,251,1,0.05
1788,-184.0,185,1,0.05
1789,-279.0,280,1,0.05
1790,-273.0,274,1,0.05
1791,-383.0,384,1,0.05
1792,-229.0,230,1,0.05
1793,-306.0,307,1,0.05
1794,-332.0,333,1,0.05
1795,-309.0,310,1,0.05
1796,-285.0,286,1,0.05
1797,-500.0,500,0,0.05
1798,-225.0,226,1,0.05
1799,-248.0,249,1,0.05
1800,-500.0,500,0,0.05
1801,-412.0,413,1,0.05
1802,-286.0,287,1,0.05
1803,-387.0,388,1,0.05
1804,-500.0,500,0,0.05
1805,-350.0,351,1,0.05
1806,-319.0,320,1,0.05
1807,-365.0,366,1,0.05
1808,-312.0,313,1,0.05
1809,-317.0,318,1,0.05
1810,-189.0,190,1,0.05
1811,-292.0,293,1,0.05
1812,-248.0,249,1,0.05
1813,-500.0,500,0,0.05
1814,-297.0,298,1,0.05
1815,-382.0,383,1,0.05
1816,-396.0,397,1,0.05
1817,-367.0,368,1,0.05
1818,-244.0,245,1,0.05
1819,-295.0,296,1,0.05
1820,-423.0,424,1,0.05
1821,-462.0,463,1,0.05
1822,-236.0,237,1,0.05
1823,-303.0,304,1,0.05
1824,-500.0,500,0,0.05
1825,-500.0,500,0,0.05
1826,-280.0,281,1,0.05
1827,-263.0,264,1,0.05
1828,-312.0,313,1,0.05
1829,-377.0,378,1,0.05
1830,-298.0,299,1,0.05
1831,-500.0,500,0,0.05
1832,-436.0,437,1,0.05
1833,-165.0,166,1,0.05
1834,-267.0,268,1,0.05
1835,-327.0,328,1,0.05
1836,-218.0,219,1,0.05
1837,-500.0,500,0,0.05
1838,-274.0,275,1,0.05
1839,-360.0,361,1,0.05
1840,-298.0,299,1,0.05
1841,-488.0,489,1,0.05
1842,-342.0,343,1,0.05
1843,-465.0,466,1,0.05
1844,-464.0,465,1,0.05
1845,-229.0,230,1,0.05
1846,-426.0,427,1,0.05
1847,-459.0,460,1,0.05
1848,-326.0,327,1,0.05
1849,-358.0,359,1,0.05
1850,-422.0,423,1,0.05
1851,-500.0,500,0,0.05
1852,-305.0,306,1,0.05
1853,-296.0,297,1,0.05
1854,-500.0,500,0,0.05
1855,-500.0,500,0,0.05
1856,-408.0,409,1,0.05
1857,-223.0,224,1,0.05
1858,-486.0,487,1,0.05
1859,-282.0,283,1,0.05
1860,-380.0,381,1,0.05
1861,-500.0,500,0,0.05
1862,-327.0,328,1,0.05
1863,-333.0,334,1,0.05
1864,-439.0,440,1,0.05
1865,-198.0,199,1,0.05
1866,-483.0,484,1,0.05
1867,-500.0,500,0,0.05
1868,-472.0,473,1,0.05
1869,-223.0,224,1,0.05
1870,-500.0,500,0,0.05
1871,-194.0,195,1,0.05
1872,-293.0,294,1,0.05
1873,-500.0,500,0,0.05
1874,-364.0,365,1,0.05
1875,-256.0,257,1,0.05
1876,-197.0,198,1,0.05
1877,-323.0,324,1,0.05
1878,-362.0,363,1,0.05
1879,-500.0,500,0,0.05
1880,-367.0,368,1,0.05
1881,-230.0,231,1,0.05
1882,-315.0,316,1,0.05
1883,-245.0,246,1,0.05
1884,-227.0,228,1,0.05
1885,-215.0,216,1,0.05
1886,-247.0,248,1,0.05
1887,-280.0,281,1,0.05
1888,-334.0,335,1,0.05
1889,-410.0,411,1,0.05
1890,-220.0,221,1,0.05
1891,-235.0,236,1,0.05
1892,-500.0,500,0,0.05
1893,-244.0,245,1,0.05
1894,-247.0,248,1,0.05
1895,-164.0,165,1,0.05
1896,-249.0,250,1,0.05
1897,-301.0,302,1,0.05
1898,-500.0,500,0,0.05
1899,-500.0,500,0,0.05
1900,-229.0,230,1,0.05
1901,-380.0,381,1,0.05
1902,-259.0,260,1,0.05
1903,-500.0,500,0,0.05
1904,-500.0,500,0,0.05
1905,-266.0,267,1,0.05
1906,-428.0,429,1,0.05
1907,-347.0,348,1,0.05
1908,-226.0,227,1,0.05
1909,-500.0,500,0,0.05
1910,-222.0,223,1,0.05
1911,-301.0,302,1,0.05
1912,-409.0,410,1,0.05
1913,-360.0,361,1,0.05
1914,-469.0,470,1,0.05
1915,-383.0,384,1,0.05
1916,-250.0,251,1,0.05
1917,-302.0,303,1,0.05
1918,-411.0,412,1,0.05
1919,-254.0,255,1,0.05
1920,-395.0,396,1,0.05
1921,-233.0,234,1,0.05
1922,-244.0,245,1,0.05
1923,-297.0,298,1,0.05
1924,-229.0,230,1,0.05
1925,-228.0,229,1,0.05
1926,-274.0,275,1,0.05
1927,-393.0,394,1,0.05
1928,-239.0,240,1,0.05
1929,-500.0,500,0,0.05
1930,-266.0,267,1,0.05
1931,-159.0,160,1,0.05
1932,-500.0,500,0,0.05
1933,-203.0,204,1,0.05
1934,-273.0,274,1,0.05
1935,-320.0,321,1,0.05
1936,-348.0,349,1,0.05
1937,-208.0,209,1,0.05
1938,-463.0,464,1,0.05
1939,-333.0,334,1,0.05
1940,-439.0,440,1,0.05
1941,-240.0,241,1,0.05
1942,-219.0,220,1,0.05
1943,-253.0,254,1,0.05
1944,-500.0,500,0,0.05
1945,-269.0,270,1,0.05
1946,-500.0,500,0,0.05
1947,-336.0,337,1,0.05
1948,-500.0,500,0,0.05
1949,-198.0,199,1,0.05
1950,-255.0,256,1,0.05
1951,-363.0,364,1,0.05
1952,-500.0,500,0,0.05
1953,-500.0,500,0,0.05
1954,-266.0,267,1,0.05
1955,-213.0,214,1,0.05
1956,-407.0,408,1,0.05
1957,-303.0,304,1,0.05
1958,-272.0,273,1,0.05
1959,-263.0,264,1,0.05
1960,-263.0,264,1,0.05
1961,-185.0,186,1,0.05
1962,-306.0,307,1,0.05
1963,-367.0,368,1,0.05
1964,-206.0,207,1,0.05
1965,-285.0,286,1,0.05
1966,-179.0,180,1,0.05
1967,-229.0,230,1,0.05
1968,-500.0,500,0,0.05
1969,-500.0,500,0,0.05
1970,-193.0,194,1,0.05
1971,-470.0,471,1,0.05
1972,-351.0,352,1,0.05
1973,-257.0,258,1,0.05
1974,-500.0,500,0,0.05
1975,-398.0,399,1,0.05
1976,-210.0,211,1,0.05
1977,-319.0,320,1,0.05
1978,-363.0,364,1,0.05
1979,-408.0,409,1,0.05
1980,-431.0,432,1,0.05
1981,-376.0,377,1,0.05
1982,-500.0,500,0,0.05
1983,-500.0,500,0,0.05
1984,-274.0,275,1,0.05
1985,-448.0,449,1,0.05
1986,-288.0,289,1,0.05
1987,-248.0,249,1,0.05
1988,-257.0,258,1,0.05
1989,-248.0,249,1,0.05
1990,-248.0,249,1,0.05
1991,-394.0,395,1,0.05
1992,-254.0,255,1,0.05
1993,-220.0,221,1,0.05
1994,-417.0,418,1,0.05
1995,-500.0,500,0,0.05
1996,-500.0,500,0,0.05
1997,-500.0,500,0,0.05
1998,-401.0,402,1,0.05
1999,-334.0,335,1,0.05
2000,-403.0,404,1,0.05
2001,-500.0,500,0,0.05
2002,-431.0,432,1,0.05
2003,-500.0,500,0,0.05
2004,-352.0,353,1,0.05
2005,-500.0,500,0,0.05
2006,-500.0,500,0,0.05
2007,-424.0,425,1,0.05
2008,-331.0,332,1,0.05
2009,-410.0,411,1,0.05
2010,-355.0,356,1,0.05
2011,-500.0,500,0,0.05
2012,-303.0,304,1,0.05
2013,-428.0,429,1,0.05
2014,-500.0,500,0,0.05
2015,-312.0,313,1,0.05
2016,-382.0,383,1,0.05
2017,-500.0,500,0,0.05
2018,-500.0,500,0,0.05
2019,-365.0,366,1,0.05
2020,-485.0,486,1,0.05
2021,-299.0,300,1,0.05
2022,-387.0,388,1,0.05
2023,-181.0,182,1,0.05
2024,-311.0,312,1,0.05
2025,-337.0,338,1,0.05
2026,-500.0,500,0,0.05
2027,-251.0,252,1,0.05
2028,-205.0,206,1,0.05
2029,-375.0,376,1,0.05
2030,-342.0,343,1,0.05
2031,-500.0,500,0,0.05
2032,-490.0,491,1,0.05
2033,-500.0,500,0,0.05
2034,-232.0,233,1,0.05
2035,-247.0,248,1,0.05
2036,-329.0,330,1,0.05
2037,-298.0,299,1,0.05
2038,-341.0,342,1,0.05
2039,-176.0,177,1,0.05
2040,-173.0,174,1,0.05
2041,-316.0,317,1,0.05
2042,-356.0,357,1,0.05
2043,-298.0,299,1,0.05
2044,-500.0,500,0,0.05
2045,-377.0,378,1,0.05
2046,-439.0,440,1,0.05
2047,-162.0,163,1,0.05
2048,-131.0,132,1,0.05
2049,-361.0,362,1,0.05
2050,-300.0,301,1,0.05
2051,-263.0,264,1,0.05
2052,-176.0,177,1,0.05
2053,-294.0,295,1,0.05
2054,-379.0,380,1,0.05
2055,-172.0,173,1,0.05
2056,-281.0,282,1,0.05
2057,-366.0,367,1,0.05
2058,-467.0,468,1,0.05
2059,-500.0,500,0,0.05
2060,-179.0,180,1,0.05
2061,-251.0,252,1,0.05
2062,-183.0,184,1,0.05
2063,-335.0,336,1,0.05
2064,-500.0,500,0,0.05
2065,-269.0,270,1,0.05
2066,-227.0,228,1,0.05
2067,-287.0,288,1,0.05
2068,-287.0,288,1,0.05
2069,-256.0,257,1,0.05
2070,-210.0,211,1,0.05
2071,-404.0,405,1,0.05
2072,-258.0,259,1,0.05
2073,-257.0,258,1,0.05
2074,-333.0,334,1,0.05
2075,-303.0,304,1,0.05
2076,-225.0,226,1,0.05
2077,-500.0,500,0,0.05
2078,-495.0,496,1,0.05
2079,-291.0,292,1,0.05
2080,-293.0,294,1,0.05
2081,-308.0,309,1,0.05
2082,-316.0,317,1,0.05
2083,-324.0,325,1,0.05
2084,-500.0,500,0,0.05
2085,-380.0,381,1,0.05
2086,-170.0,171,1,0.05
2087,-243.0,244,1,0.05
2088,-290.0,291,1,0.05
2089,-443.0,444,1,0.05
2090,-361.0,362,1,0.05
2091,-369.0,370,1,0.05
2092,-185.0,186,1,0.05
2093,-241.0,242,1,0.05
2094,-265.0,266,1,0.05
2095,-430.0,431,1,0.05
2096,-170.0,171,1,0.05
2097,-201.0,202,1,0.05
2098,-457.0,458,1,0.05
2099,-217.0,218,1,0.05
2100,-500.0,500,0,0.05
2101,-500.0,500,0,0.05
2102,-185.0,186,1,0.05
2103,-222.0,223,1,0.05
2104,-324.0,325,1,0.05
2105,-272.0,273,1,0.05
2106,-181.0,182,1,0.05
2107,-197.0,198,1,0.05
2108,-258.0,259,1,0.05
2109,-177.0,178,1,0.05
2110,-344.0,345,1,0.05
2111,-341.0,342,1,0.05
2112,-358.0,359,1,0.05
2113,-217.0,218,1,0.05
2114,-309.0,310,1,0.05
2115,-307.0,308,1,0.05
2116,-161.0,162,1,0.05
2117,-357.0,358,1,0.05
2118,-389.0,390,1,0.05
2119,-294.0,295,1,0.05
2120,-226.0,227,1,0.05
2121,-223.0,224,1,0.05
2122,-192.0,193,1,0.05
2123,-167.0,168,1,0.05
2124,-186.0,187,1,0.05
2125,-244.0,245,1,0.05
2126,-282.0,283,1,0.05
2127,-311.0,312,1,0.05
2128,-500.0,500,0,0.05
2129,-370.0,371,1,0.05
2130,-500.0,500,0,0.05
2131,-299.0,300,1,0.05
2132,-189.0,190,1,0.05
2133,-251.0,252,1,0.05
2134,-184.0,185,1,0.05
2135,-500.0,500,0,0.05
2136,-241.0,242,1,0.05
2137,-409.0,410,1,0.05
2138,-253.0,254,1,0.05
2139,-218.0,219,1,0.05
2140,-157.0,158,1,0.05
2141,-500.0,500,0,0.05
2142,-350.0,351,1,0.05
2143,-299.0,300,1,0.05
2144,-372.0,373,1,0.05
2145,-165.0,166,1,0.05
2146,-217.0,218,1,0.05
2147,-232.0,233,1,0.05
2148,-453.0,454,1,0.05
2149,-247.0,248,1,0.05
2150,-252.0,253,1,0.05
2151,-188.0,189,1,0.05
2152,-225.0,226,1,0.05
2153,-303.0,304,1,0.05
2154,-500.0,500,0,0.05
2155,-213.0,214,1,0.05
2156,-229.0,230,1,0.05
2157,-144.0,145,1,0.05
2158,-264.0,265,1,0.05
2159,-234.0,235,1,0.05
2160,-331.0,332,1,0.05
2161,-233.0,234,1,0.05
2162,-213.0,214,1,0.05
2163,-282.0,283,1,0.05
2164,-296.0,297,1,0.05
2165,-500.0,500,0,0.05
2166,-140.0,141,1,0.05
2167,-236.0,237,1,0.05
2168,-209.0,210,1,0.05
2169,-365.0,366,1,0.05
2170,-225.0,226,1,0.05
2171,-233.0,234,1,0.05
2172,-225.0,226,1,0.05
2173,-500.0,500,0,0.05
2174,-354.0,355,1,0.05
2175,-336.0,337,1,0.05
2176,-314.0,315,1,0.05
2177,-302.0,303,1,0.05
2178,-366.0,367,1,0.05
2179,-415.0,416,1,0.05
2180,-204.0,205,1,0.05
2181,-246.0,247,1,0.05
2182,-206.0,207,1,0.05
2183,-226.0,227,1,0.05
2184,-298.0,299,1,0.05
2185,-267.0,268,1,0.05
2186,-362.0,363,1,0.05
2187,-204.0,205,1,0.05
2188,-293.0,294,1,0.05
2189,-197.0,198,1,0.05
2190,-194.0,195,1,0.05
2191,-234.0,235,1,0.05
2192,-214.0,215,1,0.05
2193,-410.0,411,1,0.05
2194,-239.0,240,1,0.05
2195,-163.0,164,1,0.05
2196,-163.0,164,1,0.05
2197,-231.0,232,1,0.05
2198,-321.0,322,1,0.05
2199,-220.0,221,1,0.05
2200,-381.0,382,1,0.05
2201,-138.0,139,1,0.05
2202,-190.0,191,1,0.05
2203,-156.0,157,1,0.05
2204,-222.0,223,1,0.05
2205,-302.0,303,1,0.05
2206,-500.0,500,0,0.05
2207,-448.0,449,1,0.05
2208,-235.0,236,1,0.05
2209,-333.0,334,1,0.05
2210,-176.0,177,1,0.05
2211,-364.0,365,1,0.05
2212,-264.0,265,1,0.05
2213,-218.0,219,1,0.05
2214,-273.0,274,1,0.05
2215,-370.0,371,1,0.05
2216,-249.0,250,1,0.05
2217,-241.0,242,1,0.05
2218,-167.0,168,1,0.05
2219,-266.0,267,1,0.05
2220,-189.0,190,1,0.05
2221,-305.0,306,1,0.05
2222,-296.0,297,1,0.05
2223,-339.0,340,1,0.05
2224,-217.0,218,1,0.05
2225,-500.0,500,0,0.05
2226,-219.0,220,1,0.05
2227,-292.0,293,1,0.05
2228,-226.0,227,1,0.05
2229,-316.0,317,1,0.05
2230,-319.0,320,1,0.05
2231,-335.0,336,1,0.05
2232,-309.0,310,1,0.05
2233,-371.0,372,1,0.05
2234,-155.0,156,1,0.05
2235,-474.0,475,1,0.05
2236,-195.0,196,1,0.05
2237,-239.0,240,1,0.05
2238,-158.0,159,1,0.05
2239,-282.0,283,1,0.05
2240,-259.0,260,1,0.05
2241,-329.0,330,1,0.05
2242,-234.0,235,1,0.05
2243,-167.0,168,1,0.05
2244,-200.0,201,1,0.05
2245,-167.0,168,1,0.05
2246,-371.0,372,1,0.05
2247,-244.0,245,1,0.05
2248,-242.0,243,1,0.05
2249,-373.0,374,1,0.05
2250,-489.0,490,1,0.05
2251,-500.0,500,0,0.05
2252,-226.0,227,1,0.05
2253,-364.0,365,1,0.05
2254,-474.0,475,1,0.05
2255,-300.0,301,1,0.05
2256,-200.0,201,1,0.05
2257,-500.0,500,0,0.05
2258,-270.0,271,1,0.05
2259,-351.0,352,1,0.05
2260,-328.0,329,1,0.05
2261,-477.0,478,1,0.05
2262,-494.0,495,1,0.05
2263,-291.0,292,1,0.05
2264,-214.0,215,1,0.05
2265,-218.0,219,1,0.05
2266,-297.0,298,1,0.05
2267,-191.0,192,1,0.05
2268,-201.0,202,1,0.05
2269,-218.0,219,1,0.05
2270,-213.0,214,1,0.05
2271,-323.0,324,1,0.05
2272,-197.0,198,1,0.05
2273,-242.0,243,1,0.05
2274,-224.0,225,1,0.05
2275,-293.0,294,1,0.05
2276,-233.0,234,1,0.05
2277,-333.0,334,1,0.05
2278,-431.0,432,1,0.05
2279,-404.0,405,1,0.05
2280,-303.0,304,1,0.05
2281,-323.0,324,1,0.05
2282,-485.0,486,1,0.05
2283,-207.0,208,1,0.05
2284,-500.0,500,0,0.05
2285,-296.0,297,1,0.05
2286,-260.0,261,1,0.05
2287,-287.0,288,1,0.05
2288,-457.0,458,1,0.05
2289,-242.0,243,1,0.05
2290,-299.0,300,1,0.05
2291,-216.0,217,1,0.05
2292,-286.0,287,1,0.05
2293,-500.0,500,0,0.05
2294,-116.0,117,1,0.05
2295,-264.0,265,1,0.05
2296,-464.0,465,1,0.05
2297,-363.0,364,1,0.05
2298,-339.0,340,1,0.05
2299,-280.0,281,1,0.05
2300,-185.0,186,1,0.05
2301,-191.0,192,1,0.05
2302,-225.0,226,1,0.05
2303,-410.0,411,1,0.05
2304,-132.0,133,1,0.05
2305,-233.0,234,1,0.05
2306,-278.0,279,1,0.05
2307,-150.0,151,1,0.05
2308,-500.0,500,0,0.05
2309,-212.0,213,1,0.05
2310,-320.0,321,1,0.05
2311,-377.0,378,1,0.05
2312,-324.0,325,1,0.05
2313,-241.0,242,1,0.05
2314,-228.0,229,1,0.05
2315,-195.0,196,1,0.05
2316,-215.0,216,1,0.05
2317,-235.0,236,1,0.05
2318,-500.0,500,0,0.05
2319,-248.0,249,1,0.05
2320,-178.0,179,1,0.05
2321,-294.0,295,1,0.05
2322,-253.0,254,1,0.05
2323,-420.0,421,1,0.05
2324,-203.0,204,1,0.05
2325,-266.0,267,1,0.05
2326,-500.0,500,0,0.05
2327,-500.0,500,0,0.05
2328,-305.0,306,1,0.05
2329,-221.0,222,1,0.05
2330,-179.0,180,1,0.05
2331,-430.0,431,1,0.05
2332,-488.0,489,1,0.05
2333,-408.0,409,1,0.05
2334,-317.0,318,1,0.05
2335,-350.0,351,1,0.05
2336,-500.0,500,0,0.05
2337,-409.0,410,1,0.05
2338,-348.0,349,1,0.05
2339,-290.0,291,1,0.05
2340,-329.0,330,1,0.05
2341,-196.0,197,1,0.05
2342,-231.0,232,1,0.05
2343,-195.0,196,1,0.05
2344,-295.0,296,1,0.05
2345,-198.0,199,1,0.05
2346,-368.0,369,1,0.05
2347,-211.0,212,1,0.05
2348,-449.0,450,1,0.05
2349,-330.0,331,1,0.05
2350,-220.0,221,1,0.05
2351,-317.0,318,1,0.05
2352,-500.0,500,0,0.05
2353,-384.0,385,1,0.05
2354,-213.0,214,1,0.05
2355,-348.0,349,1,0.05
2356,-249.0,250,1,0.05
2357,-500.0,500,0,0.05
2358,-234.0,235,1,0.05
2359,-456.0,457,1,0.05
2360,-409.0,410,1,0.05
2361,-500.0,500,0,0.05
2362,-244.0,245,1,0.05
2363,-225.0,226,1,0.05
2364,-264.0,265,1,0.05
2365,-284.0,285,1,0.05
2366,-162.0,163,1,0.05
2367,-500.0,500,0,0.05
2368,-306.0,307,1,0.05
2369,-319.0,320,1,0.05
2370,-225.0,226,1,0.05
2371,-239.0,240,1,0.05
2372,-296.0,297,1,0.05
2373,-348.0,349,1,0.05
2374,-267.0,268,1,0.05
2375,-241.0,242,1,0.05
2376,-301.0,302,1,0.05
2377,-247.0,248,1,0.05
2378,-299.0,300,1,0.05
2379,-364.0,365,1,0.05
2380,-500.0,500,0,0.05
2381,-221.0,222,1,0.05
2382,-272.0,273,1,0.05
2383,-500.0,500,0,0.05
2384,-343.0,344,1,0.05
2385,-267.0,268,1,0.05
2386,-388.0,389,1,0.05
2387,-307.0,308,1,0.05
2388,-212.0,213,1,0.05
2389,-231.0,232,1,0.05
2390,-401.0,402,1,0.05
2391,-426.0,427,1,0.05
2392,-332.0,333,1,0.05
2393,-274.0,275,1,0.05
2394,-490.0,491,1,0.05
2395,-500.0,500,0,0.05
2396,-179.0,180,1,0.05
2397,-187.0,188,1,0.05
2398,-224.0,225,1,0.05
2399,-187.0,188,1,0.05
2400,-278.0,279,1,0.05
2401,-267.0,268,1,0.05
2402,-321.0,322,1,0.05
2403,-367.0,368,1,0.05
2404,-233.0,234,1,0.05
2405,-327.0,328,1,0.05
2406,-242.0,243,1,0.05
2407,-425.0,426,1,0.05
2408,-297.0,298,1,0.05
2409,-405.0,406,1,0.05
2410,-259.0,260,1,0.05
2411,-389.0,390,1,0.05
2412,-207.0,208,1,0.05
2413,-201.0,202,1,0.05
2414,-284.0,285,1,0.05
2415,-286.0,287,1,0.05
2416,-295.0,296,1,0.05
2417,-406.0,407,1,0.05
2418,-164.0,165,1,0.05
2419,-205.0,206,1,0.05
2420,-379.0,380,1,0.05
2421,-389.0,390,1,0.05
2422,-280.0,281,1,0.05
2423,-300.0,301,1,0.05
2424,-183.0,184,1,0.05
2425,-289.0,290,1,0.05
2426,-246.0,247,1,0.05
2427,-162.0,163,1,0.05
2428,-231.0,232,1,0.05
2429,-222.0,223,1,0.05
2430,-400.0,401,1,0.05
2431,-186.0,187,1,0.05
2432,-225.0,226,1,0.05
2433,-437.0,438,1,0.05
2434,-360.0,361,1,0.05
2435,-500.0,500,0,0.05
2436,-356.0,357,1,0.05
2437,-205.0,206,1,0.05
2438,-468.0,469,1,0.05
2439,-268.0,269,1,0.05
2440,-363.0,364,1,0.05
2441,-152.0,153,1,0.05
2442,-363.0,364,1,0.05
2443,-260.0,261,1,0.05
2444,-186.0,187,1,0.05
2445,-500.0,500,0,0.05
2446,-284.0,285,1,0.05
2447,-500.0,500,0,0.05
2448,-269.0,270,1,0.05
2449,-226.0,227,1,0.05
2450,-500.0,500,0,0.05
2451,-251.0,252,1,0.05
2452,-199.0,200,1,0.05
2453,-389.0,390,1,0.05
2454,-354.0,355,1,0.05
2455,-463.0,464,1,0.05
2456,-329.0,330,1,0.05
2457,-359.0,360,1,0.05
2458,-390.0,391,1,0.05
2459,-296.0,297,1,0.05
2460,-173.0,174,1,0.05
2461,-204.0,205,1,0.05
2462,-327.0,328,1,0.05
2463,-500.0,500,0,0.05
2464,-409.0,410,1,0.05
2465,-448.0,449,1,0.05
2466,-500.0,500,0,0.05
2467,-321.0,322,1,0.05
2468,-387.0,388,1,0.05
2469,-396.0,397,1,0.05
2470,-357.0,358,1,0.05
2471,-500.0,500,0,0.05
2472,-500.0,500,0,0.05
2473,-500.0,500,0,0.05
2474,-368.0,369,1,0.05
2475,-500.0,500,0,0.05
2476,-313.0,314,1,0.05
2477,-270.0,271,1,0.05
2478,-446.0,447,1,0.05
2479,-349.0,350,1,0.05
2480,-205.0,206,1,0.05
2481,-329.0,330,1,0.05
2482,-222.0,223,1,0.05
2483,-500.0,500,0,0.05
2484,-254.0,255,1,0.05
2485,-347.0,348,1,0.05
2486,-415.0,416,1,0.05
2487,-411.0,412,1,0.05
2488,-225.0,226,1,0.05
2489,-349.0,350,1,0.05
2490,-261.0,262,1,0.05
2491,-323.0,324,1,0.05
2492,-186.0,187,1,0.05
2493,-325.0,326,1,0.05
2494,-413.0,414,1,0.05
2495,-500.0,500,0,0.05
2496,-344.0,345,1,0.05
2497,-217.0,218,1,0.05
2498,-244.0,245,1,0.05
2499,-246.0,247,1,0.05
2500,-302.0,303,1,0.05
2501,-212.0,213,1,0.05
2502,-253.0,254,1,0.05
2503,-392.0,393,1,0.05
2504,-500.0,500,0,0.05
2505,-275.0,276,1,0.05
2506,-500.0,500,0,0.05
2507,-500.0,500,0,0.05
2508,-371.0,372,1,0.05
2509,-159.0,160,1,0.05
2510,-500.0,500,0,0.05
2511,-266.0,267,1,0.05
2512,-213.0,214,1,0.05
2513,-262.0,263,1,0.05
2514,-230.0,231,1,0.05
2515,-260.0,261,1,0.05
2516,-171.0,172,1,0.05
2517,-314.0,315,1,0.05
2518,-352.0,353,1,0.05
2519,-263.0,264,1,0.05
2520,-242.0,243,1,0.05
2521,-363.0,364,1,0.05
2522,-493.0,494,1,0.05
2523,-384.0,385,1,0.05
2524,-140.0,141,1,0.05
2525,-195.0,196,1,0.05
2526,-228.0,229,1,0.05
2527,-154.0,155,1,0.05
2528,-178.0,179,1,0.05
2529,-339.0,340,1,0.05
2530,-286.0,287,1,0.05
2531,-231.0,232,1,0.05
2532,-234.0,235,1,0.05
2533,-182.0,183,1,0.05
2534,-235.0,236,1,0.05
2535,-316.0,317,1,0.05
2536,-245.0,246,1,0.05
2537,-330.0,331,1,0.05
2538,-268.0,269,1,0.05
2539,-500.0,500,0,0.05
2540,-500.0,500,0,0.05
2541,-430.0,431,1,0.05
2542,-252.0,253,1,0.05
2543,-188.0,189,1,0.05
2544,-295.0,296,1,0.05
2545,-329.0,330,1,0.05
2546,-233.0,234,1,0.05
2547,-463.0,464,1,0.05
2548,-500.0,500,0,0.05
2549,-332.0,333,1,0.05
2550,-270.0,271,1,0.05
2551,-228.0,229,1,0.05
2552,-228.0,229,1,0.05
2553,-242.0,243,1,0.05
2554,-204.0,205,1,0.05
2555,-256.0,257,1,0.05
2556,-248.0,249,1,0.05
2557,-392.0,393,1,0.05
2558,-172.0,173,1,0.05
2559,-208.0,209,1,0.05
2560,-246.0,247,1,0.05
2561,-157.0,158,1,0.05
2562,-500.0,500,0,0.05
2563,-325.0,326,1,0.05
2564,-165.0,166,1,0.05
2565,-232.0,233,1,0.05
2566,-348.0,349,1,0.05
2567,-190.0,191,1,0.05
2568,-244.0,245,1,0.05
2569,-197.0,198,1,0.05
2570,-216.0,217,1,0.05
2571,-254.0,255,1,0.05
2572,-287.0,288,1,0.05
2573,-228.0,229,1,0.05
2574,-335.0,336,1,0.05
2575,-326.0,327,1,0.05
2576,-286.0,287,1,0.05
2577,-323.0,324,1,0.05
2578,-378.0,379,1,0.05
2579,-221.0,222,1,0.05
2580,-397.0,398,1,0.05
2581,-470.0,471,1,0.05
2582,-164.0,165,1,0.05
2583,-375.0,376,1,0.05
2584,-274.0,275,1,0.05
2585,-282.0,283,1,0.05
2586,-316.0,317,1,0.05
2587,-318.0,319,1,0.05
2588,-293.0,294,1,0.05
2589,-223.0,224,1,0.05
2590,-448.0,449,1,0.05
2591,-387.0,388,1,0.05
2592,-283.0,284,1,0.05
2593,-356.0,357,1,0.05
2594,-350.0,351,1,0.05
2595,-157.0,158,1,0.05
2596,-500.0,500,0,0.05
2597,-373.0,374,1,0.05
2598,-317.0,318,1,0.05
2599,-179.0,180,1,0.05
2600,-443.0,444,1,0.05
2601,-314.0,315,1,0.05
2602,-215.0,216,1,0.05
2603,-300.0,301,1,0.05
2604,-248.0,249,1,0.05
2605,-195.0,196,1,0.05
2606,-311.0,312,1,0.05
2607,-138.0,139,1,0.05
2608,-500.0,500,0,0.05
2609,-446.0,447,1,0.05
2610,-209.0,210,1,0.05
2611,-264.0,265,1,0.05
2612,-269.0,270,1,0.05
2613,-209.0,210,1,0.05
2614,-340.0,341,1,0.05
2615,-177.0,178,1,0.05
2616,-206.0,207,1,0.05
2617,-159.0,160,1,0.05
2618,-500.0,500,0,0.05
2619,-217.0,218,1,0.05
2620,-436.0,437,1,0.05
2621,-322.0,323,1,0.05
2622,-162.0,163,1,0.05
2623,-227.0,228,1,0.05
2624,-224.0,225,1,0.05
2625,-377.0,378,1,0.05
2626,-500.0,500,0,0.05
2627,-412.0,413,1,0.05
2628,-444.0,445,1,0.05
2629,-478.0,479,1,0.05
2630,-172.0,173,1,0.05
2631,-500.0,500,0,0.05
2632,-400.0,401,1,0.05
2633,-500.0,500,0,0.05
2634,-200.0,201,1,0.05
2635,-355.0,356,1,0.05
2636,-161.0,162,1,0.05
2637,-242.0,243,1,0.05
2638,-231.0,232,1,0.05
2639,-260.0,261,1,0.05
2640,-317.0,318,1,0.05
2641,-412.0,413,1,0.05
2642,-320.0,321,1,0.05
2643,-182.0,183,1,0.05
2644,-318.0,319,1,0.05
2645,-333.0,334,1,0.05
2646,-311.0,312,1,0.05
2647,-179.0,180,1,0.05
2648,-339.0,340,1,0.05
2649,-350.0,351,1,0.05
2650,-304.0,305,1,0.05
2651,-237.0,238,1,0.05
2652,-190.0,191,1,0.05
2653,-248.0,249,1,0.05
2654,-390.0,391,1,0.05
2655,-416.0,417,1,0.05
2656,-231.0,232,1,0.05
2657,-238.0,239,1,0.05
2658,-333.0,334,1,0.05
2659,-500.0,500,0,0.05
2660,-484.0,485,1,0.05
2661,-359.0,360,1,0.05
2662,-222.0,223,1,0.05
2663,-173.0,174,1,0.05
2664,-254.0,255,1,0.05
2665,-500.0,500,0,0.05
2666,-328.0,329,1,0.05
2667,-220.0,221,1,0.05
2668,-328.0,329,1,0.05
2669,-332.0,333,1,0.05
2670,-140.0,141,1,0.05
2671,-286.0,287,1,0.05
2672,-290.0,291,1,0.05
2673,-276.0,277,1,0.05
2674,-313.0,314,1,0.05
2675,-234.0,235,1,0.05
2676,-448.0,449,1,0.05
2677,-138.0,139,1,0.05
2678,-452.0,453,1,0.05
2679,-310.0,311,1,0.05
2680,-425.0,426,1,0.05
2681,-356.0,357,1,0.05
2682,-455.0,456,1,0.05
2683,-264.0,265,1,0.05
2684,-198.0,199,1,0.05
2685,-291.0,292,1,0.05
2686,-322.0,323,1,0.05
2687,-229.0,230,1,0.05
2688,-384.0,385,1,0.05
2689,-324.0,325,1,0.05
2690,-280.0,281,1,0.05
2691,-201.0,202,1,0.05
2692,-175.0,176,1,0.05
2693,-301.0,302,1,0.05
2694,-199.0,200,1,0.05
2695,-192.0,193,1,0.05
2696,-500.0,500,0,0.05
2697,-309.0,310,1,0.05
2698,-417.0,418,1,0.05
2699,-163.0,164,1,0.05
2700,-219.0,220,1,0.05
2701,-218.0,219,1,0.05
2702,-152.0,153,1,0.05
2703,-328.0,329,1,0.05
2704,-289.0,290,1,0.05
2705,-195.0,196,1,0.05
2706,-172.0,173,1,0.05
2707,-224.0,225,1,0.05
2708,-221.0,222,1,0.05
2709,-242.0,243,1,0.05
2710,-363.0,364,1,0.05
2711,-198.0,199,1,0.05
2712,-161.0,162,1,0.05
2713,-291.0,292,1,0.05
2714,-326.0,327,1,0.05
2715,-500.0,500,0,0.05
2716,-500.0,500,0,0.05
2717,-500.0,500,0,0.05
2718,-234.0,235,1,0.05
2719,-194.0,195,1,0.05
2720,-478.0,479,1,0.05
2721,-500.0,500,0,0.05
2722,-500.0,500,0,0.05
2723,-420.0,421,1,0.05
2724,-203.0,204,1,0.05
2725,-244.0,245,1,0.05
2726,-300.0,301,1,0.05
2727,-500.0,500,0,0.05
2728,-500.0,500,0,0.05
2729,-321.0,322,1,0.05
2730,-238.0,239,1,0.05
2731,-314.0,315,1,0.05
2732,-500.0,500,0,0.05
2733,-500.0,500,0,0.05
2734,-500.0,500,0,0.05
2735,-387.0,388,1,0.05
2736,-386.0,387,1,0.05
2737,-178.0,179,1,0.05
2738,-219.0,220,1,0.05
2739,-500.0,500,0,0.05
2740,-500.0,500,0,0.05
2741,-402.0,403,1,0.05
2742,-188.0,189,1,0.05
2743,-201.0,202,1,0.05
2744,-260.0,261,1,0.05
2745,-254.0,255,1,0.05
2746,-240.0,241,1,0.05
2747,-500.0,500,0,0.05
2748,-260.0,261,1,0.05
2749,-218.0,219,1,0.05
2750,-188.0,189,1,0.05
2751,-500.0,500,0,0.05
2752,-500.0,500,0,0.05
2753,-500.0,500,0,0.05
2754,-323.0,324,1,0.05
2755,-184.0,185,1,0.05
2756,-275.0,276,1,0.05
2757,-500.0,500,0,0.05
2758,-275.0,276,1,0.05
2759,-258.0,259,1,0.05
2760,-207.0,208,1,0.05
2761,-423.0,424,1,0.05
2762,-280.0,281,1,0.05
2763,-232.0,233,1,0.05
2764,-256.0,257,1,0.05
2765,-266.0,267,1,0.05
2766,-500.0,500,0,0.05
2767,-219.0,220,1,0.05
2768,-256.0,257,1,0.05
2769,-245.0,246,1,0.05
2770,-270.0,271,1,0.05
2771,-465.0,466,1,0.05
2772,-201.0,202,1,0.05
2773,-317.0,318,1,0.05
2774,-361.0,362,1,0.05
2775,-500.0,500,0,0.05
2776,-396.0,397,1,0.05
2777,-355.0,356,1,0.05
2778,-358.0,359,1,0.05
2779,-500.0,500,0,0.05
2780,-265.0,266,1,0.05
2781,-227.0,228,1,0.05
2782,-500.0,500,0,0.05
2783,-401.0,402,1,0.05
2784,-362.0,363,1,0.05
2785,-205.0,206,1,0.05
2786,-371.0,372,1,0.05
2787,-307.0,308,1,0.05
2788,-331.0,332,1,0.05
2789,-243.0,244,1,0.05
2790,-225.0,226,1,0.05
2791,-298.0,299,1,0.05
2792,-500.0,500,0,0.05
2793,-500.0,500,0,0.05
2794,-500.0,500,0,0.05
2795,-500.0,500,0,0.05
2796,-500.0,500,0,0.05
2797,-340.0,341,1,0.05
2798,-383.0,384,1,0.05
2799,-500.0,500,0,0.05
2800,-281.0,282,1,0.05
2801,-165.0,166,1,0.05
2802,-263.0,264,1,0.05
2803,-225.0,226,1,0.05
2804,-286.0,287,1,0.05
2805,-433.0,434,1,0.05
2806,-310.0,311,1,0.05
2807,-205.0,206,1,0.05
2808,-284.0,285,1,0.05
2809,-209.0,210,1,0.05
2810,-338.0,339,1,0.05
2811,-259.0,260,1,0.05
2812,-486.0,487,1,0.05
2813,-500.0,500,0,0.05
2814,-195.0,196,1,0.05
2815,-316.0,317,1,0.05
2816,-337.0,338,1,0.05
2817,-223.0,224,1,0.05
2818,-230.0,231,1,0.05
2819,-299.0,300,1,0.05
2820,-177.0,178,1,0.05
2821,-500.0,500,0,0.05
2822,-273.0,274,1,0.05
2823,-257.0,258,1,0.05
2824,-216.0,217,1,0.05
2825,-277.0,278,1,0.05
2826,-149.0,150,1,0.05
2827,-199.0,200,1,0.05
2828,-277.0,278,1,0.05
2829,-500.0,500,0,0.05
2830,-500.0,500,0,0.05
2831,-500.0,500,0,0.05
2832,-256.0,257,1,0.05
2833,-223.0,224,1,0.05
2834,-285.0,286,1,0.05
2835,-156.0,157,1,0.05
2836,-192.0,193,1,0.05
2837,-387.0,388,1,0.05
2838,-360.0,361,1,0.05
2839,-189.0,190,1,0.05
2840,-393.0,394,1,0.05
2841,-187.0,188,1,0.05
2842,-384.0,385,1,0.05
2843,-251.0,252,1,0.05
2844,-196.0,197,1,0.05
2845,-500.0,500,0,0.05
2846,-214.0,215,1,0.05
2847,-481.0,482,1,0.05
2848,-307.0,308,1,0.05
2849,-500.0,500,0,0.05
2850,-270.0,271,1,0.05
2851,-383.0,384,1,0.05
2852,-371.0,372,1,0.05
2853,-500.0,500,0,0.05
2854,-476.0,477,1,0.05
2855,-424.0,425,1,0.05
2856,-314.0,315,1,0.05
2857,-168.0,169,1,0.05
2858,-166.0,167,1,0.05
2859,-218.0,219,1,0.05
2860,-371.0,372,1,0.05
2861,-374.0,375,1,0.05
2862,-386.0,387,1,0.05
2863,-156.0,157,1,0.05
2864,-274.0,275,1,0.05
2865,-301.0,302,1,0.05
2866,-207.0,208,1,0.05
2867,-222.0,223,1,0.05
2868,-500.0,500,0,0.05
2869,-419.0,420,1,0.05
2870,-421.0,422,1,0.05
2871,-260.0,261,1,0.05
2872,-304.0,305,1,0.05
2873,-289.0,290,1,0.05
2874,-289.0,290,1,0.05
2875,-266.0,267,1,0.05
2876,-389.0,390,1,0.05
2877,-296.0,297,1,0.05
2878,-301.0,302,1,0.05
2879,-329.0,330,1,0.05
2880,-500.0,500,0,0.05
2881,-321.0,322,1,0.05
2882,-417.0,418,1,0.05
2883,-326.0,327,1,0.05
2884,-416.0,417,1,0.05
2885,-373.0,374,1,0.05
2886,-381.0,382,1,0.05
2887,-348.0,349,1,0.05
2888,-500.0,500,0,0.05
2889,-500.0,500,0,0.05
2890,-500.0,500,0,0.05
2891,-372.0,373,1,0.05
2892,-500.0,500,0,0.05
2893,-500.0,500,0,0.05
2894,-327.0,328,1,0.05
2895,-314.0,315,1,0.05
2896,-232.0,233,1,0.05
2897,-212.0,213,1,0.05
2898,-392.0,393,1,0.05
2899,-245.0,246,1,0.05
2900,-275.0,276,1,0.05
2901,-500.0,500,0,0.05
2902,-208.0,209,1,0.05
2903,-226.0,227,1,0.05
2904,-252.0,253,1,0.05
2905,-358.0,359,1,0.05
2906,-319.0,320,1,0.05
2907,-260.0,261,1,0.05
2908,-268.0,269,1,0.05
2909,-426.0,427,1,0.05
2910,-393.0,394,1,0.05
2911,-236.0,237,1,0.05
2912,-283.0,284,1,0.05
2913,-320.0,321,1,0.05
2914,-265.0,266,1,0.05
2915,-279.0,280,1,0.05
2916,-300.0,301,1,0.05
2917,-225.0,226,1,0.05
2918,-500.0,500,0,0.05
2919,-500.0,500,0,0.05
2920,-271.0,272,1,0.05
2921,-388.0,389,1,0.05
2922,-225.0,226,1,0.05
2923,-216.0,217,1,0.05
2924,-204.0,205,1,0.05
2925,-315.0,316,1,0.05
2926,-193.0,194,1,0.05
2927,-222.0,223,1,0.05
2928,-152.0,153,1,0.05
2929,-207.0,208,1,0.05
2930,-254.0,255,1,0.05
2931,-303.0,304,1,0.05
2932,-260.0,261,1,0.05
2933,-181.0,182,1,0.05
2934,-273.0,274,1,0.05
2935,-129.0,130,1,0.05
2936,-365.0,366,1,0.05
2937,-199.0,200,1,0.05
2938,-441.0,442,1,0.05
2939,-469.0,470,1,0.05
2940,-500.0,500,0,0.05
2941,-342.0,343,1,0.05
2942,-158.0,159,1,0.05
2943,-336.0,337,1,0.05
2944,-158.0,159,1,0.05
2945,-222.0,223,1,0.05
2946,-262.0,263,1,0.05
2947,-250.0,251,1,0.05
2948,-403.0,404,1,0.05
2949,-312.0,313,1,0.05
2950,-201.0,202,1,0.05
2951,-455.0,456,1,0.05
2952,-208.0,209,1,0.05
2953,-191.0,192,1,0.05
2954,-490.0,491,1,0.05
2955,-343.0,344,1,0.05
2956,-245.0,246,1,0.05
2957,-197.0,198,1,0.05
2958,-317.0,318,1,0.05
2959,-313.0,314,1,0.05
2960,-447.0,448,1,0.05
2961,-167.0,168,1,0.05
2962,-237.0,238,1,0.05
2963,-126.0,127,1,0.05
2964,-499.0,500,1,0.05
2965,-255.0,256,1,0.05
2966,-190.0,191,1,0.05
2967,-238.0,239,1,0.05
2968,-216.0,217,1,0.05
2969,-197.0,198,1,0.05
2970,-439.0,440,1,0.05
2971,-237.0,238,1,0.05
2972,-195.0,196,1,0.05
2973,-290.0,291,1,0.05
2974,-167.0,168,1,0.05
2975,-409.0,410,1,0.05
2976,-234.0,235,1,0.05
2977,-201.0,202,1,0.05
2978,-283.0,284,1,0.05
2979,-391.0,392,1,0.05
2980,-500.0,500,0,0.05
2981,-500.0,500,0,0.05
2982,-396.0,397,1,0.05
2983,-151.0,152,1,0.05
2984,-500.0,500,0,0.05
2985,-304.0,305,1,0.05
2986,-371.0,372,1,0.05
2987,-204.0,205,1,0.05
2988,-254.0,255,1,0.05
2989,-163.0,164,1,0.05
2990,-327.0,328,1,0.05
2991,-205.0,206,1,0.05
2992,-260.0,261,1,0.05
2993,-218.0,219,1,0.05
2994,-383.0,384,1,0.05
2995,-471.0,472,1,0.05
2996,-500.0,500,0,0.05
2997,-399.0,400,1,0.05
2998,-304.0,305,1,0.05
2999,-231.0,232,1,0.05
3000,-294.0,295,1,0.05
3001,-246.0,247,1,0.05
3002,-490.0,491,1,0.05
3003,-500.0,500,0,0.05
3004,-362.0,363,1,0.05
3005,-196.0,197,1,0.05
3006,-284.0,285,1,0.05
3007,-242.0,243,1,0.05
3008,-365.0,366,1,0.05
3009,-235.0,236,1,0.05
3010,-285.0,286,1,0.05
3011,-206.0,207,1,0.05
3012,-228.0,229,1,0.05
3013,-419.0,420,1,0.05
3014,-219.0,220,1,0.05
3015,-437.0,438,1,0.05
3016,-387.0,388,1,0.05
3017,-280.0,281,1,0.05
3018,-373.0,374,1,0.05
3019,-343.0,344,1,0.05
3020,-198.0,199,1,0.05
3021,-210.0,211,1,0.05
3022,-264.0,265,1,0.05
3023,-376.0,377,1,0.05
3024,-265.0,266,1,0.05
3025,-327.0,328,1,0.05
3026,-272.0,273,1,0.05
3027,-500.0,500,0,0.05
3028,-262.0,263,1,0.05
3029,-500.0,500,0,0.05
3030,-183.0,184,1,0.05
3031,-280.0,281,1,0.05
3032,-442.0,443,1,0.05
3033,-329.0,330,1,0.05
3034,-439.0,440,1,0.05
3035,-185.0,186,1,0.05
3036,-255.0,256,1,0.05
3037,-180.0,181,1,0.05
3038,-169.0,170,1,0.05
3039,-269.0,270,1,0.05
3040,-450.0,451,1,0.05
3041,-226.0,227,1,0.05
3042,-379.0,380,1,0.05
3043,-356.0,357,1,0.05
3044,-500.0,500,0,0.05
3045,-328.0,329,1,0.05
3046,-352.0,353,1,0.05
3047,-299.0,300,1,0.05
3048,-224.0,225,1,0.05
3049,-236.0,237,1,0.05
3050,-180.0,181,1,0.05
3051,-312.0,313,1,0.05
3052,-500.0,500,0,0.05
3053,-217.0,218,1,0.05
3054,-301.0,302,1,0.05
3055,-216.0,217,1,0.05
3056,-194.0,195,1,0.05
3057,-174.0,175,1,0.05
3058,-243.0,244,1,0.05
3059,-294.0,295,1,0.05
3060,-407.0,408,1,0.05
3061,-337.0,338,1,0.05
3062,-240.0,241,1,0.05
3063,-500.0,500,0,0.05
3064,-500.0,500,0,0.05
3065,-221.0,222,1,0.05
3066,-294.0,295,1,0.05
3067,-422.0,423,1,0.05
3068,-401.0,402,1,0.05
3069,-265.0,266,1,0.05
3070,-395.0,396,1,0.05
3071,-264.0,265,1,0.05
3072,-338.0,339,1,0.05
3073,-349.0,350,1,0.05
3074,-179.0,180,1,0.05
3075,-204.0,205,1,0.05
3076,-422.0,423,1,0.05
3077,-285.0,286,1,0.05
3078,-282.0,283,1,0.05
3079,-392.0,393,1,0.05
3080,-198.0,199,1,0.05
3081,-186.0,187,1,0.05
3082,-201.0,202,1,0.05
3083,-287.0,288,1,0.05
3084,-383.0,384,1,0.05
3085,-178.0,179,1,0.05
3086,-444.0,445,1,0.05
3087,-500.0,500,0,0.05
3088,-328.0,329,1,0.05
3089,-500.0,500,0,0.05
3090,-500.0,500,0,0.05
3091,-383.0,384,1,0.05
3092,-329.0,330,1,0.05
3093,-283.0,284,1,0.05
3094,-275.0,276,1,0.05
3095,-202.0,203,1,0.05
3096,-382.0,383,1,0.05
3097,-500.0,500,0,0.05
3098,-321.0,322,1,0.05
3099,-257.0,258,1,0.05
3100,-187.0,188,1,0.05
3101,-208.0,209,1,0.05
3102,-392.0,393,1,0.05
3103,-237.0,238,1,0.05
3104,-500.0,500,0,0.05
3105,-480.0,481,1,0.05
3106,-349.0,350,1,0.05
3107,-500.0,500,0,0.05
3108,-206.0,207,1,0.05
3109,-346.0,347,1,0.05
3110,-277.0,278,1,0.05
3111,-293.0,294,1,0.05
3112,-500.0,500,0,0.05
3113,-434.0,435,1,0.05
3114,-286.0,287,1,0.05
3115,-445.0,446,1,0.05
3116,-317.0,318,1,0.05
3117,-500.0,500,0,0.05
3118,-320.0,321,1,0.05
3119,-500.0,500,0,0.05
3120,-304.0,305,1,0.05
3121,-320.0,321,1,0.05
3122,-245.0,246,1,0.05
3123,-500.0,500,0,0.05
3124,-370.0,371,1,0.05
3125,-500.0,500,0,0.05
3126,-319.0,320,1,0.05
3127,-221.0,222,1,0.05
3128,-371.0,372,1,0.05
3129,-379.0,380,1,0.05
3130,-262.0,263,1,0.05
3131,-365.0,366,1,0.05
3132,-320.0,321,1,0.05
3133,-362.0,363,1,0.05
3134,-317.0,318,1,0.05
3135,-500.0,500,0,0.05
3136,-254.0,255,1,0.05
3137,-222.0,223,1,0.05
3138,-295.0,296,1,0.05
3139,-349.0,350,1,0.05
3140,-478.0,479,1,0.05
3141,-431.0,432,1,0.05
3142,-421.0,422,1,0.05
3143,-282.0,283,1,0.05
3144,-425.0,426,1,0.05
3145,-232.0,233,1,0.05
3146,-246.0,247,1,0.05
3147,-429.0,430,1,0.05
3148,-327.0,328,1,0.05
3149,-244.0,245,1,0.05
3150,-224.0,225,1,0.05
3151,-294.0,295,1,0.05
3152,-500.0,500,0,0.05
3153,-210.0,211,1,0.05
3154,-314.0,315,1,0.05
3155,-381.0,382,1,0.05
3156,-248.0,249,1,0.05
3157,-500.0,500,0,0.05
3158,-500.0,500,0,0.05
3159,-500.0,500,0,0.05
3160,-500.0,500,0,0.05
3161,-500.0,500,0,0.05
3162,-500.0,500,0,0.05
3163,-500.0,500,0,0.05
3164,-500.0,500,0,0.05
3165,-465.0,466,1,0.05
3166,-307.0,308,1,0.05
3167,-500.0,500,0,0.05
3168,-500.0,500,0,0.05
3169,-340.0,341,1,0.05
3170,-250.0,251,1,0.05
3171,-500.0,500,0,0.05
3172,-334.0,335,1,0.05
3173,-295.0,296,1,0.05
3174,-500.0,500,0,0.05
3175,-342.0,343,1,0.05
3176,-462.0,463,1,0.05
3177,-328.0,329,1,0.05
3178,-314.0,315,1,0.05
3179,-500.0,500,0,0.05
3180,-334.0,335,1,0.05
3181,-364.0,365,1,0.05
3182,-266.0,267,1,0.05
3183,-455.0,456,1,0.05
3184,-398.0,399,1,0.05
3185,-267.0,268,1,0.05
3186,-393.0,394,1,0.05
3187,-494.0,495,1,0.05
3188,-210.0,211,1,0.05
3189,-295.0,296,1,0.05
3190,-268.0,269,1,0.05
3191,-252.0,253,1,0.05
3192,-185.0,186,1,0.05
3193,-247.0,248,1,0.05
3194,-437.0,438,1,0.05
3195,-228.0,229,1,0.05
3196,-268.0,269,1,0.05
3197,-215.0,216,1,0.05
3198,-271.0,272,1,0.05
3199,-317.0,318,1,0.05
3200,-193.0,194,1,0.05
3201,-339.0,340,1,0.05
3202,-500.0,500,0,0.05
3203,-276.0,277,1,0.05
3204,-202.0,203,1,0.05
3205,-279.0,280,1,0.05
3206,-199.0,200,1,0.05
3207,-197.0,198,1,0.05
3208,-181.0,182,1,0.05
3209,-297.0,298,1,0.05
3210,-191.0,192,1,0.05
3211,-403.0,404,1,0.05
3212,-216.0,217,1,0.05
3213,-500.0,500,0,0.05
3214,-158.0,159,1,0.05
3215,-182.0,183,1,0.05
3216,-111.0,112,1,0.05
3217,-285.0,286,1,0.05
3218,-387.0,388,1,0.05
3219,-219.0,220,1,0.05
3220,-500.0,500,0,0.05
3221,-251.0,252,1,0.05
3222,-375.0,376,1,0.05
3223,-285.0,286,1,0.05
3224,-224.0,225,1,0.05
3225,-452.0,453,1,0.05
3226,-233.0,234,1,0.05
3227,-212.0,213,1,0.05
3228,-178.0,179,1,0.05
3229,-365.0,366,1,0.05
3230,-227.0,228,1,0.05
3231,-272.0,273,1,0.05
3232,-350.0,351,1,0.05
3233,-129.0,130,1,0.05
3234,-221.0,222,1,0.05
3235,-500.0,500,0,0.05
3236,-293.0,294,1,0.05
3237,-386.0,387,1,0.05
3238,-183.0,184,1,0.05
3239,-166.0,167,1,0.05
3240,-460.0,461,1,0.05
3241,-202.0,203,1,0.05
3242,-307.0,308,1,0.05
3243,-323.0,324,1,0.05
3244,-364.0,365,1,0.05
3245,-210.0,211,1,0.05
3246,-126.0,127,1,0.05
3247,-269.0,270,1,0.05
3248,-319.0,320,1,0.05
3249,-156.0,157,1,0.05
3250,-200.0,201,1,0.05
3251,-268.0,269,1,0.05
3252,-208.0,209,1,0.05
3253,-169.0,170,1,0.05
3254,-414.0,415,1,0.05
3255,-500.0,500,0,0.05
3256,-227.0,228,1,0.05
3257,-151.0,152,1,0.05
3258,-256.0,257,1,0.05
3259,-277.0,278,1,0.05
3260,-167.0,168,1,0.05
3261,-499.0,500,1,0.05
3262,-198.0,199,1,0.05
3263,-200.0,201,1,0.05
3264,-221.0,222,1,0.05
3265,-239.0,240,1,0.05
3266,-264.0,265,1,0.05
3267,-211.0,212,1,0.05
3268,-473.0,474,1,0.05
3269,-292.0,293,1,0.05
3270,-259.0,260,1,0.05
3271,-364.0,365,1,0.05
3272,-412.0,413,1,0.05
3273,-180.0,181,1,0.05
3274,-317.0,318,1,0.05
3275,-209.0,210,1,0.05
3276,-260.0,261,1,0.05
3277,-500.0,500,0,0.05
3278,-500.0,500,0,0.05
3279,-212.0,213,1,0.05
3280,-216.0,217,1,0.05
3281,-228.0,229,1,0.05
3282,-260.0,261,1,0.05
3283,-252.0,253,1,0.05
3284,-313.0,314,1,0.05
3285,-259.0,260,1,0.05
3286,-500.0,500,0,0.05
3287,-500.0,500,0,0.05
3288,-469.0,470,1,0.05
3289,-207.0,208,1,0.05
3290,-500.0,500,0,0.05
3291,-349.0,350,1,0.05
3292,-387.0,388,1,0.05
3293,-330.0,331,1,0.05
3294,-215.0,216,1,0.05
3295,-258.0,259,1,0.05
3296,-195.0,196,1,0.05
3297,-500.0,500,0,0.05
3298,-203.0,204,1,0.05
3299,-473.0,474,1,0.05
3300,-275.0,276,1,0.05
3301,-493.0,494,1,0.05
3302,-298.0,299,1,0.05
3303,-268.0,269,1,0.05
3304,-293.0,294,1,0.05
3305,-235.0,236,1,0.05
3306,-313.0,314,1,0.05
3307,-152.0,153,1,0.05
3308,-223.0,224,1,0.05
3309,-315.0,316,1,0.05
3310,-210.0,211,1,0.05
3311,-278.0,279,1,0.05
3312,-263.0,264,1,0.05
3313,-222.0,223,1,0.05
3314,-217.0,218,1,0.05
3315,-389.0,390,1,0.05
3316,-189.0,190,1,0.05
3317,-245.0,246,1,0.05
3318,-247.0,248,1,0.05
3319,-343.0,344,1,0.05
3320,-191.0,192,1,0.05
3321,-231.0,232,1,0.05
3322,-250.0,251,1,0.05
3323,-247.0,248,1,0.05
3324,-291.0,292,1,0.05
3325,-384.0,385,1,0.05
3326,-214.0,215,1,0.05
3327,-196.0,197,1,0.05
3328,-429.0,430,1,0.05
3329,-500.0,500,0,0.05
3330,-500.0,500,0,0.05
3331,-155.0,156,1,0.05
3332,-366.0,367,1,0.05
3333,-450.0,451,1,0.05
3334,-234.0,235,1,0.05
3335,-375.0,376,1,0.05
3336,-166.0,167,1,0.05
3337,-274.0,275,1,0.05
3338,-280.0,281,1,0.05
3339,-249.0,250,1,0.05
3340,-261.0,262,1,0.05
3341,-202.0,203,1,0.05
3342,-259.0,260,1,0.05
3343,-265.0,266,1,0.05
3344,-176.0,177,1,0.05
3345,-500.0,500,0,0.05
3346,-164.0,165,1,0.05
3347,-211.0,212,1,0.05
3348,-235.0,236,1,0.05
3349,-178.0,179,1,0.05
3350,-222.0,223,1,0.05
3351,-245.0,246,1,0.05
3352,-174.0,175,1,0.05
3353,-153.0,154,1,0.05
3354,-289.0,290,1,0.05
3355,-201.0,202,1,0.05
3356,-213.0,214,1,0.05
3357,-342.0,343,1,0.05
3358,-250.0,251,1,0.05
3359,-194.0,195,1,0.05
3360,-216.0,217,1,0.05
3361,-303.0,304,1,0.05
3362,-260.0,261,1,0.05
3363,-150.0,151,1,0.05
3364,-341.0,342,1,0.05
3365,-350.0,351,1,0.05
3366,-219.0,220,1,0.05
3367,-136.0,137,1,0.05
3368,-306.0,307,1,0.05
3369,-379.0,380,1,0.05
3370,-254.0,255,1,0.05
3371,-171.0,172,1,0.05
3372,-255.0,256,1,0.05
3373,-384.0,385,1,0.05
3374,-253.0,254,1,0.05
3375,-303.0,304,1,0.05
3376,-134.0,135,1,0.05
3377,-202.0,203,1,0.05
3378,-182.0,183,1,0.05
3379,-199.0,200,1,0.05
3380,-309.0,310,1,0.05
3381,-315.0,316,1,0.05
3382,-247.0,248,1,0.05
3383,-428.0,429,1,0.05
3384,-329.0,330,1,0.05
3385,-284.0,285,1,0.05
3386,-240.0,241,1,0.05
3387,-500.0,500,0,0.05
3388,-180.0,181,1,0.05
3389,-398.0,399,1,0.05
3390,-254.0,255,1,0.05
3391,-329.0,330,1,0.05
3392,-179.0,180,1,0.05
3393,-136.0,137,1,0.05
3394,-206.0,207,1,0.05
3395,-439.0,440,1,0.05
3396,-500.0,500,0,0.05
3397,-236.0,237,1,0.05
3398,-296.0,297,1,0.05
3399,-154.0,155,1,0.05
3400,-334.0,335,1,0.05
3401,-276.0,277,1,0.05
3402,-279.0,280,1,0.05
3403,-342.0,343,1,0.05
3404,-488.0,489,1,0.05
3405,-236.0,237,1,0.05
3406,-316.0,317,1,0.05
3407,-217.0,218,1,0.05
3408,-500.0,500,0,0.05
3409,-331.0,332,1,0.05
3410,-500.0,500,0,0.05
3411,-235.0,236,1,0.05
3412,-166.0,167,1,0.05
3413,-140.0,141,1,0.05
3414,-137.0,138,1,0.05
3415,-392.0,393,1,0.05
3416,-216.0,217,1,0.05
3417,-168.0,169,1,0.05
3418,-265.0,266,1,0.05
3419,-500.0,500,0,0.05
3420,-314.0,315,1,0.05
3421,-199.0,200,1,0.05
3422,-212.0,213,1,0.05
3423,-190.0,191,1,0.05
3424,-281.0,282,1,0.05
3425,-234.0,235,1,0.05
3426,-258.0,259,1,0.05
3427,-378.0,379,1,0.05
3428,-238.0,239,1,0.05
3429,-401.0,402,1,0.05
3430,-294.0,295,1,0.05
3431,-222.0,223,1,0.05
3432,-273.0,274,1,0.05
3433,-141.0,142,1,0.05
3434,-235.0,236,1,0.05
3435,-294.0,295,1,0.05
3436,-251.0,252,1,0.05
3437,-276.0,277,1,0.05
3438,-187.0,188,1,0.05
3439,-296.0,297,1,0.05
3440,-340.0,341,1,0.05
3441,-259.0,260,1,0.05
3442,-500.0,500,0,0.05
3443,-169.0,170,1,0.05
3444,-177.0,178,1,0.05
3445,-187.0,188,1,0.05
3446,-407.0,408,1,0.05
3447,-380.0,381,1,0.05
3448,-161.0,162,1,0.05
3449,-410.0,411,1,0.05
3450,-368.0,369,1,0.05
3451,-458.0,459,1,0.05
3452,-146.0,147,1,0.05
3453,-340.0,341,1,0.05
3454,-500.0,500,0,0.05
3455,-272.0,273,1,0.05
3456,-310.0,311,1,0.05
3457,-271.0,272,1,0.05
3458,-261.0,262,1,0.05
3459,-159.0,160,1,0.05
3460,-172.0,173,1,0.05
3461,-251.0,252,1,0.05
3462,-358.0,359,1,0.05
3463,-191.0,192,1,0.05
3464,-244.0,245,1,0.05
3465,-259.0,260,1,0.05
3466,-318.0,319,1,0.05
3467,-318.0,319,1,0.05
3468,-216.0,217,1,0.05
3469,-207.0,208,1,0.05
3470,-236.0,237,1,0.05
3471,-188.0,189,1,0.05
3472,-261.0,262,1,0.05
3473,-467.0,468,1,0.05
3474,-500.0,500,0,0.05
3475,-358.0,359,1,0.05
3476,-226.0,227,1,0.05
3477,-190.0,191,1,0.05
3478,-221.0,222,1,0.05
3479,-177.0,178,1,0.05
3480,-276.0,277,1,0.05
3481,-218.0,219,1,0.05
3482,-263.0,264,1,0.05
3483,-313.0,314,1,0.05
3484,-356.0,357,1,0.05
3485,-219.0,220,1,0.05
3486,-181.0,182,1,0.05
3487,-362.0,363,1,0.05
3488,-500.0,500,0,0.05
3489,-283.0,284,1,0.05
3490,-292.0,293,1,0.05
3491,-203.0,204,1,0.05
3492,-331.0,332,1,0.05
3493,-245.0,246,1,0.05
3494,-144.0,145,1,0.05
3495,-199.0,200,1,0.05
3496,-241.0,242,1,0.05
3497,-213.0,214,1,0.05
3498,-188.0,189,1,0.05
3499,-239.0,240,1,0.05
3500,-165.0,166,1,0.05
3501,-280.0,281,1,0.05
3502,-203.0,204,1,0.05
3503,-397.0,398,1,0.05
3504,-279.0,280,1,0.05
3505,-500.0,500,0,0.05
3506,-207.0,208,1,0.05
3507,-322.0,323,1,0.05
3508,-172.0,173,1,0.05
3509,-308.0,309,1,0.05
3510,-266.0,267,1,0.05
3511,-321.0,322,1,0.05
3512,-221.0,222,1,0.05
3513,-452.0,453,1,0.05
3514,-322.0,323,1,0.05
3515,-212.0,213,1,0.05
3516,-232.0,233,1,0.05
3517,-365.0,366,1,0.05
3518,-345.0,346,1,0.05
3519,-453.0,454,1,0.05
3520,-493.0,494,1,0.05
3521,-500.0,500,0,0.05
3522,-206.0,207,1,0.05
3523,-319.0,320,1,0.05
3524,-378.0,379,1,0.05
3525,-219.0,220,1,0.05
3526,-222.0,223,1,0.05
3527,-283.0,284,1,0.05
3528,-201.0,202,1,0.05
3529,-284.0,285,1,0.05
3530,-259.0,260,1,0.05
3531,-305.0,306,1,0.05
3532,-256.0,257,1,0.05
3533,-174.0,175,1,0.05
3534,-196.0,197,1,0.05
3535,-289.0,290,1,0.05
3536,-348.0,349,1,0.05
3537,-163.0,164,1,0.05
3538,-287.0,288,1,0.05
3539,-268.0,269,1,0.05
3540,-452.0,453,1,0.05
3541,-251.0,252,1,0.05
3542,-439.0,440,1,0.05
3543,-500.0,500,0,0.05
3544,-500.0,500,0,0.05
3545,-146.0,147,1,0.05
3546,-215.0,216,1,0.05
3547,-236.0,237,1,0.05
3548,-180.0,181,1,0.05
3549,-190.0,191,1,0.05
3550,-173.0,174,1,0.05
3551,-295.0,296,1,0.05
3552,-369.0,370,1,0.05
3553,-365.0,366,1,0.05
3554,-214.0,215,1,0.05
3555,-264.0,265,1,0.05
3556,-181.0,182,1,0.05
3557,-251.0,252,1,0.05
3558,-187.0,188,1,0.05
3559,-164.0,165,1,0.05
3560,-500.0,500,0,0.05
3561,-242.0,243,1,0.05
3562,-241.0,242,1,0.05
3563,-265.0,266,1,0.05
3564,-197.0,198,1,0.05
3565,-220.0,221,1,0.05
3566,-228.0,229,1,0.05
3567,-451.0,452,1,0.05
3568,-239.0,240,1,0.05
3569,-403.0,404,1,0.05
3570,-188.0,189,1,0.05
3571,-174.0,175,1,0.05
3572,-291.0,292,1,0.05
3573,-324.0,325,1,0.05
3574,-216.0,217,1,0.05
3575,-329.0,330,1,0.05
3576,-266.0,267,1,0.05
3577,-234.0,235,1,0.05
3578,-186.0,187,1,0.05
3579,-257.0,258,1,0.05
3580,-219.0,220,1,0.05
3581,-264.0,265,1,0.05
3582,-281.0,282,1,0.05
3583,-279.0,280,1,0.05
3584,-241.0,242,1,0.05
3585,-148.0,149,1,0.05
3586,-277.0,278,1,0.05
3587,-206.0,207,1,0.05
3588,-231.0,232,1,0.05
3589,-353.0,354,1,0.05
3590,-276.0,277,1,0.05
3591,-200.0,201,1,0.05
3592,-251.0,252,1,0.05
3593,-283.0,284,1,0.05
3594,-177.0,178,1,0.05
3595,-339.0,340,1,0.05
3596,-208.0,209,1,0.05
3597,-253.0,254,1,0.05
3598,-247.0,248,1,0.05
3599,-238.0,239,1,0.05
3600,-403.0,404,1,0.05
3601,-391.0,392,1,0.05
3602,-371.0,372,1,0.05
3603,-194.0,195,1,0.05
3604,-255.0,256,1,0.05
3605,-218.0,219,1,0.05
3606,-500.0,500,0,0.05
3607,-253.0,254,1,0.05
3608,-389.0,390,1,0.05
3609,-329.0,330,1,0.05
3610,-291.0,292,1,0.05
3611,-237.0,238,1,0.05
3612,-435.0,436,1,0.05
3613,-407.0,408,1,0.05
3614,-286.0,287,1,0.05
3615,-273.0,274,1,0.05
3616,-180.0,181,1,0.05
3617,-322.0,323,1,0.05
3618,-387.0,388,1,0.05
3619,-500.0,500,0,0.05
3620,-252.0,253,1,0.05
3621,-188.0,189,1,0.05
3622,-273.0,274,1,0.05
3623,-457.0,458,1,0.05
3624,-265.0,266,1,0.05
3625,-143.0,144,1,0.05
3626,-404.0,405,1,0.05
3627,-222.0,223,1,0.05
3628,-329.0,330,1,0.05
3629,-184.0,185,1,0.05
3630,-275.0,276,1,0.05
3631,-230.0,231,1,0.05
3632,-345.0,346,1,0.05
3633,-185.0,186,1,0.05
3634,-277.0,278,1,0.05
3635,-360.0,361,1,0.05
3636,-199.0,200,1,0.05
3637,-164.0,165,1,0.05
3638,-196.0,197,1,0.05
3639,-226.0,227,1,0.05
3640,-184.0,185,1,0.05
3641,-160.0,161,1,0.05
3642,-200.0,201,1,0.05
3643,-219.0,220,1,0.05
3644,-180.0,181,1,0.05
3645,-260.0,261,1,0.05
3646,-215.0,216,1,0.05
3647,-264.0,265,1,0.05
3648,-183.0,184,1,0.05
3649,-157.0,158,1,0.05
3650,-226.0,227,1,0.05
3651,-328.0,329,1,0.05
3652,-398.0,399,1,0.05
3653,-177.0,178,1,0.05
3654,-218.0,219,1,0.05
3655,-177.0,178,1,0.05
3656,-119.0,120,1,0.05
3657,-211.0,212,1,0.05
3658,-205.0,206,1,0.05
3659,-231.0,232,1,0.05
3660,-500.0,500,0,0.05
3661,-351.0,352,1,0.05
3662,-220.0,221,1,0.05
3663,-187.0,188,1,0.05
3664,-364.0,365,1,0.05
3665,-242.0,243,1,0.05
3666,-217.0,218,1,0.05
3667,-245.0,246,1,0.05
3668,-287.0,288,1,0.05
3669,-228.0,229,1,0.05
3670,-236.0,237,1,0.05
3671,-184.0,185,1,0.05
3672,-292.0,293,1,0.05
3673,-162.0,163,1,0.05
3674,-437.0,438,1,0.05
3675,-287.0,288,1,0.05
3676,-370.0,371,1,0.05
3677,-250.0,251,1,0.05
3678,-500.0,500,0,0.05
3679,-334.0,335,1,0.05
3680,-270.0,271,1,0.05
3681,-238.0,239,1,0.05
3682,-180.0,181,1,0.05
3683,-277.0,278,1,0.05
3684,-243.0,244,1,0.05
3685,-232.0,233,1,0.05
3686,-196.0,197,1,0.05
3687,-372.0,373,1,0.05
3688,-313.0,314,1,0.05
3689,-211.0,212,1,0.05
3690,-218.0,219,1,0.05
3691,-215.0,216,1,0.05
3692,-443.0,444,1,0.05
3693,-262.0,263,1,0.05
3694,-335.0,336,1,0.05
3695,-230.0,231,1,0.05
3696,-342.0,343,1,0.05
3697,-274.0,275,1,0.05
3698,-393.0,394,1,0.05
3699,-283.0,284,1,0.05
3700,-281.0,282,1,0.05
3701,-207.0,208,1,0.05
3702,-208.0,209,1,0.05
3703,-191.0,192,1,0.05
3704,-296.0,297,1,0.05
3705,-278.0,279,1,0.05
3706,-242.0,243,1,0.05
3707,-189.0,190,1,0.05
3708,-230.0,231,1,0.05
3709,-220.0,221,1,0.05
3710,-353.0,354,1,0.05
3711,-168.0,169,1,0.05
3712,-439.0,440,1,0.05
3713,-171.0,172,1,0.05
3714,-264.0,265,1,0.05
3715,-289.0,290,1,0.05
3716,-299.0,300,1,0.05
3717,-387.0,388,1,0.05
3718,-314.0,315,1,0.05
3719,-197.0,198,1,0.05
3720,-272.0,273,1,0.05
3721,-498.0,499,1,0.05
3722,-402.0,403,1,0.05
3723,-178.0,179,1,0.05
3724,-288.0,289,1,0.05
3725,-254.0,255,1,0.05
3726,-276.0,277,1,0.05
3727,-500.0,500,0,0.05
3728,-227.0,228,1,0.05
3729,-449.0,450,1,0.05
3730,-189.0,190,1,0.05
3731,-379.0,380,1,0.05
3732,-182.0,183,1,0.05
3733,-427.0,428,1,0.05
3734,-185.0,186,1,0.05
3735,-155.0,156,1,0.05
3736,-296.0,297,1,0.05
3737,-252.0,253,1,0.05
3738,-500.0,500,0,0.05
3739,-183.0,184,1,0.05
3740,-266.0,267,1,0.05
3741,-224.0,225,1,0.05
3742,-369.0,370,1,0.05
3743,-373.0,374,1,0.05
3744,-222.0,223,1,0.05
3745,-263.0,264,1,0.05
3746,-244.0,245,1,0.05
3747,-248.0,249,1,0.05
3748,-223.0,224,1,0.05
3749,-274.0,275,1,0.05
3750,-238.0,239,1,0.05
3751,-283.0,284,1,0.05
3752,-431.0,432,1,0.05
3753,-500.0,500,0,0.05
3754,-331.0,332,1,0.05
3755,-500.0,500,0,0.05
3756,-198.0,199,1,0.05
3757,-257.0,258,1,0.05
3758,-431.0,432,1,0.05
3759,-277.0,278,1,0.05
3760,-479.0,480,1,0.05
3761,-233.0,234,1,0.05
3762,-167.0,168,1,0.05
3763,-334.0,335,1,0.05
3764,-197.0,198,1,0.05
3765,-310.0,311,1,0.05
3766,-242.0,243,1,0.05
3767,-228.0,229,1,0.05
3768,-180.0,181,1,0.05
3769,-500.0,500,0,0.05
3770,-160.0,161,1,0.05
3771,-283.0,284,1,0.05
3772,-337.0,338,1,0.05
3773,-250.0,251,1,0.05
3774,-255.0,256,1,0.05
3775,-164.0,165,1,0.05
3776,-392.0,393,1,0.05
3777,-465.0,466,1,0.05
3778,-493.0,494,1,0.05
3779,-307.0,308,1,0.05
3780,-269.0,270,1,0.05
3781,-181.0,182,1,0.05
3782,-234.0,235,1,0.05
3783,-350.0,351,1,0.05
3784,-279.0,280,1,0.05
3785,-262.0,263,1,0.05
3786,-247.0,248,1,0.05
3787,-124.0,125,1,0.05
3788,-211.0,212,1,0.05
3789,-210.0,211,1,0.05
3790,-500.0,500,0,0.05
3791,-290.0,291,1,0.05
3792,-184.0,185,1,0.05
3793,-171.0,172,1,0.05
3794,-224.0,225,1,0.05
3795,-362.0,363,1,0.05
3796,-147.0,148,1,0.05
3797,-231.0,232,1,0.05
3798,-500.0,500,0,0.05
3799,-161.0,162,1,0.05
3800,-283.0,284,1,0.05
3801,-167.0,168,1,0.05
3802,-159.0,160,1,0.05
3803,-155.0,156,1,0.05
3804,-178.0,179,1,0.05
3805,-500.0,500,0,0.05
3806,-199.0,200,1,0.05
3807,-234.0,235,1,0.05
3808,-255.0,256,1,0.05
3809,-310.0,311,1,0.05
3810,-388.0,389,1,0.05
3811,-286.0,287,1,0.05
3812,-147.0,148,1,0.05
3813,-163.0,164,1,0.05
3814,-251.0,252,1,0.05
3815,-428.0,429,1,0.05
3816,-188.0,189,1,0.05
3817,-301.0,302,1,0.05
3818,-202.0,203,1,0.05
3819,-347.0,348,1,0.05
3820,-218.0,219,1,0.05
3821,-276.0,277,1,0.05
3822,-347.0,348,1,0.05
3823,-253.0,254,1,0.05
3824,-189.0,190,1,0.05
3825,-345.0,346,1,0.05
3826,-271.0,272,1,0.05
3827,-248.0,249,1,0.05
3828,-164.0,165,1,0.05
3829,-267.0,268,1,0.05
3830,-395.0,396,1,0.05
3831,-276.0,277,1,0.05
3832,-183.0,184,1,0.05
3833,-217.0,218,1,0.05
3834,-500.0,500,0,0.05
3835,-261.0,262,1,0.05
3836,-205.0,206,1,0.05
3837,-347.0,348,1,0.05
3838,-152.0,153,1,0.05
3839,-300.0,301,1,0.05
3840,-229.0,230,1,0.05
3841,-174.0,175,1,0.05
3842,-189.0,190,1,0.05
3843,-202.0,203,1,0.05
3844,-350.0,351,1,0.05
3845,-198.0,199,1,0.05
3846,-207.0,208,1,0.05
3847,-233.0,234,1,0.05
3848,-402.0,403,1,0.05
3849,-287.0,288,1,0.05
3850,-285.0,286,1,0.05
3851,-231.0,232,1,0.05
3852,-371.0,372,1,0.05
3853,-250.0,251,1,0.05
3854,-188.0,189,1,0.05
3855,-488.0,489,1,0.05
3856,-290.0,291,1,0.05
3857,-318.0,319,1,0.05
3858,-309.0,310,1,0.05
3859,-500.0,500,0,0.05
3860,-271.0,272,1,0.05
3861,-290.0,291,1,0.05
3862,-213.0,214,1,0.05
3863,-215.0,216,1,0.05
3864,-360.0,361,1,0.05
3865,-252.0,253,1,0.05
3866,-175.0,176,1,0.05
3867,-290.0,291,1,0.05
3868,-257.0,258,1,0.05
3869,-193.0,194,1,0.05
3870,-285.0,286,1,0.05
3871,-161.0,162,1,0.05
3872,-271.0,272,1,0.05
3873,-332.0,333,1,0.05
3874,-388.0,389,1,0.05
3875,-366.0,367,1,0.05
3876,-135.0,136,1,0.05
3877,-236.0,237,1,0.05
3878,-193.0,194,1,0.05
3879,-255.0,256,1,0.05
3880,-221.0,222,1,0.05
3881,-321.0,322,1,0.05
3882,-245.0,246,1,0.05
3883,-362.0,363,1,0.05
3884,-227.0,228,1,0.05
3885,-274.0,275,1,0.05
3886,-414.0,415,1,0.05
3887,-277.0,278,1,0.05
3888,-228.0,229,1,0.05
3889,-368.0,369,1,0.05
3890,-259.0,260,1,0.05
3891,-295.0,296,1,0.05
3892,-164.0,165,1,0.05
3893,-191.0,192,1,0.05
3894,-207.0,208,1,0.05
3895,-444.0,445,1,0.05
3896,-321.0,322,1,0.05
3897,-261.0,262,1,0.05
3898,-238.0,239,1,0.05
3899,-256.0,257,1,0.05
3900,-168.0,169,1,0.05
3901,-231.0,232,1,0.05
3902,-204.0,205,1,0.05
3903,-202.0,203,1,0.05
3904,-317.0,318,1,0.05
3905,-170.0,171,1,0.05
3906,-173.0,174,1,0.05
3907,-417.0,418,1,0.05
3908,-340.0,341,1,0.05
3909,-282.0,283,1,0.05
3910,-198.0,199,1,0.05
3911,-342.0,343,1,0.05
3912,-269.0,270,1,0.05
3913,-394.0,395,1,0.05
3914,-321.0,322,1,0.05
3915,-194.0,195,1,0.05
3916,-234.0,235,1,0.05
3917,-161.0,162,1,0.05
3918,-242.0,243,1,0.05
3919,-500.0,500,0,0.05
3920,-500.0,500,0,0.05
3921,-211.0,212,1,0.05
3922,-325.0,326,1,0.05
3923,-500.0,500,0,0.05
3924,-192.0,193,1,0.05
3925,-330.0,331,1,0.05
3926,-248.0,249,1,0.05
3927,-187.0,188,1,0.05
3928,-305.0,306,1,0.05
3929,-412.0,413,1,0.05
3930,-233.0,234,1,0.05
3931,-289.0,290,1,0.05
3932,-225.0,226,1,0.05
3933,-200.0,201,1,0.05
3934,-163.0,164,1,0.05
3935,-300.0,301,1,0.05
3936,-178.0,179,1,0.05
3937,-372.0,373,1,0.05
3938,-392.0,393,1,0.05
3939,-311.0,312,1,0.05
3940,-181.0,182,1,0.05
3941,-291.0,292,1,0.05
3942,-236.0,237,1,0.05
3943,-255.0,256,1,0.05
3944,-302.0,303,1,0.05
3945,-356.0,357,1,0.05
3946,-287.0,288,1,0.05
3947,-261.0,262,1,0.05
3948,-500.0,500,0,0.05
3949,-279.0,280,1,0.05
3950,-363.0,364,1,0.05
3951,-230.0,231,1,0.05
3952,-198.0,199,1,0.05
3953,-200.0,201,1,0.05
3954,-249.0,250,1,0.05
3955,-205.0,206,1,0.05
3956,-245.0,246,1,0.05
3957,-161.0,162,1,0.05
3958,-227.0,228,1,0.05
3959,-210.0,211,1,0.05
3960,-347.0,348,1,0.05
3961,-261.0,262,1,0.05
3962,-244.0,245,1,0.05
3963,-155.0,156,1,0.05
3964,-294.0,295,1,0.05
3965,-296.0,297,1,0.05
3966,-387.0,388,1,0.05
3967,-179.0,180,1,0.05
3968,-239.0,240,1,0.05
3969,-430.0,431,1,0.05
3970,-250.0,251,1,0.05
3971,-229.0,230,1,0.05
3972,-192.0,193,1,0.05
3973,-218.0,219,1,0.05
3974,-303.0,304,1,0.05
3975,-461.0,462,1,0.05
3976,-255.0,256,1,0.05
3977,-246.0,247,1,0.05
3978,-222.0,223,1,0.05
3979,-408.0,409,1,0.05
3980,-249.0,250,1,0.05
3981,-227.0,228,1,0.05
3982,-294.0,295,1,0.05
3983,-454.0,455,1,0.05
3984,-226.0,227,1,0.05
3985,-349.0,350,1,0.05
3986,-280.0,281,1,0.05
3987,-361.0,362,1,0.05
3988,-317.0,318,1,0.05
3989,-219.0,220,1,0.05
3990,-212.0,213,1,0.05
3991,-334.0,335,1,0.05
3992,-358.0,359,1,0.05
3993,-377.0,378,1,0.05
3994,-183.0,184,1,0.05
3995,-177.0,178,1,0.05
3996,-202.0,203,1,0.05
3997,-298.0,299,1,0.05
3998,-357.0,358,1,0.05
3999,-257.0,258,1,0.05
4000,-219.0,220,1,0.05
4001,-362.0,363,1,0.05
4002,-224.0,225,1,0.05
4003,-456.0,457,1,0.05
4004,-396.0,397,1,0.05
4005,-184.0,185,1,0.05
4006,-451.0,452,1,0.05
4007,-465.0,466,1,0.05
4008,-254.0,255,1,0.05
4009,-427.0,428,1,0.05
4010,-363.0,364,1,0.05
4011,-272.0,273,1,0.05
4012,-265.0,266,1,0.05
4013,-213.0,214,1,0.05
4014,-209.0,210,1,0.05
4015,-218.0,219,1,0.05
4016,-377.0,378,1,0.05
4017,-214.0,215,1,0.05
4018,-213.0,214,1,0.05
4019,-229.0,230,1,0.05
4020,-206.0,207,1,0.05
4021,-288.0,289,1,0.05
4022,-322.0,323,1,0.05
4023,-266.0,267,1,0.05
4024,-317.0,318,1,0.05
4025,-162.0,163,1,0.05
4026,-238.0,239,1,0.05
4027,-213.0,214,1,0.05
4028,-272.0,273,1,0.05
4029,-334.0,335,1,0.05
4030,-271.0,272,1,0.05
4031,-226.0,227,1,0.05
4032,-184.0,185,1,0.05
4033,-291.0,292,1,0.05
4034,-290.0,291,1,0.05
4035,-482.0,483,1,0.05
4036,-203.0,204,1,0.05
4037,-213.0,214,1,0.05
4038,-500.0,500,0,0.05
4039,-326.0,327,1,0.05
4040,-445.0,446,1,0.05
4041,-437.0,438,1,0.05
4042,-272.0,273,1,0.05
4043,-170.0,171,1,0.05
4044,-274.0,275,1,0.05
4045,-257.0,258,1,0.05
4046,-351.0,352,1,0.05
4047,-253.0,254,1,0.05
4048,-500.0,500,0,0.05
4049,-469.0,470,1,0.05
4050,-500.0,500,0,0.05
4051,-280.0,281,1,0.05
4052,-443.0,444,1,0.05
4053,-258.0,259,1,0.05
4054,-260.0,261,1,0.05
4055,-179.0,180,1,0.05
4056,-191.0,192,1,0.05
4057,-180.0,181,1,0.05
4058,-191.0,192,1,0.05
4059,-124.0,125,1,0.05
4060,-409.0,410,1,0.05
4061,-203.0,204,1,0.05
4062,-286.0,287,1,0.05
4063,-171.0,172,1,0.05
4064,-208.0,209,1,0.05
4065,-150.0,151,1,0.05
4066,-165.0,166,1,0.05
4067,-500.0,500,0,0.05
4068,-222.0,223,1,0.05
4069,-310.0,311,1,0.05
4070,-225.0,226,1,0.05
4071,-237.0,238,1,0.05
4072,-228.0,229,1,0.05
4073,-238.0,239,1,0.05
4074,-204.0,205,1,0.05
4075,-205.0,206,1,0.05
4076,-197.0,198,1,0.05
4077,-246.0,247,1,0.05
4078,-432.0,433,1,0.05
4079,-238.0,239,1,0.05
4080,-251.0,252,1,0.05
4081,-182.0,183,1,0.05
4082,-363.0,364,1,0.05
4083,-500.0,500,0,0.05
4084,-466.0,467,1,0.05
4085,-177.0,178,1,0.05
4086,-278.0,279,1,0.05
4087,-445.0,446,1,0.05
4088,-154.0,155,1,0.05
4089,-191.0,192,1,0.05
4090,-317.0,318,1,0.05
4091,-289.0,290,1,0.05
4092,-217.0,218,1,0.05
4093,-238.0,239,1,0.05
4094,-218.0,219,1,0.05
4095,-240.0,241,1,0.05
4096,-241.0,242,1,0.05
4097,-379.0,380,1,0.05
4098,-477.0,478,1,0.05
4099,-281.0,282,1,0.05
4100,-207.0,208,1,0.05
4101,-417.0,418,1,0.05
4102,-444.0,445,1,0.05
4103,-333.0,334,1,0.05
4104,-194.0,195,1,0.05
4105,-312.0,313,1,0.05
4106,-179.0,180,1,0.05
4107,-321.0,322,1,0.05
4108,-358.0,359,1,0.05
4109,-234.0,235,1,0.05
4110,-450.0,451,1,0.05
4111,-372.0,373,1,0.05
4112,-412.0,413,1,0.05
4113,-406.0,407,1,0.05
4114,-353.0,354,1,0.05
4115,-500.0,500,0,0.05
4116,-320.0,321,1,0.05
4117,-409.0,410,1,0.05
4118,-391.0,392,1,0.05
4119,-500.0,500,0,0.05
4120,-181.0,182,1,0.05
4121,-208.0,209,1,0.05
4122,-385.0,386,1,0.05
4123,-221.0,222,1,0.05
4124,-352.0,353,1,0.05
4125,-308.0,309,1,0.05
4126,-386.0,387,1,0.05
4127,-500.0,500,0,0.05
4128,-189.0,190,1,0.05
4129,-244.0,245,1,0.05
4130,-286.0,287,1,0.05
4131,-364.0,365,1,0.05
4132,-180.0,181,1,0.05
4133,-304.0,305,1,0.05
4134,-500.0,500,0,0.05
4135,-222.0,223,1,0.05
4136,-220.0,221,1,0.05
4137,-384.0,385,1,0.05
4138,-307.0,308,1,0.05
4139,-187.0,188,1,0.05
4140,-197.0,198,1,0.05
4141,-346.0,347,1,0.05
4142,-500.0,500,0,0.05
4143,-293.0,294,1,0.05
4144,-280.0,281,1,0.05
4145,-322.0,323,1,0.05
4146,-209.0,210,1,0.05
4147,-307.0,308,1,0.05
4148,-208.0,209,1,0.05
4149,-281.0,282,1,0.05
4150,-152.0,153,1,0.05
4151,-203.0,204,1,0.05
4152,-224.0,225,1,0.05
4153,-461.0,462,1,0.05
4154,-150.0,151,1,0.05
4155,-431.0,432,1,0.05
4156,-117.0,118,1,0.05
4157,-316.0,317,1,0.05
4158,-149.0,150,1,0.05
4159,-216.0,217,1,0.05
4160,-184.0,185,1,0.05
4161,-162.0,163,1,0.05
4162,-293.0,294,1,0.05
4163,-181.0,182,1,0.05
4164,-141.0,142,1,0.05
4165,-307.0,308,1,0.05
4166,-162.0,163,1,0.05
4167,-334.0,335,1,0.05
4168,-216.0,217,1,0.05
4169,-500.0,500,0,0.05
4170,-290.0,291,1,0.05
4171,-242.0,243,1,0.05
4172,-182.0,183,1,0.05
4173,-191.0,192,1,0.05
4174,-237.0,238,1,0.05
4175,-237.0,238,1,0.05
4176,-234.0,235,1,0.05
4177,-299.0,300,1,0.05
4178,-401.0,402,1,0.05
4179,-341.0,342,1,0.05
4180,-386.0,387,1,0.05
4181,-202.0,203,1,0.05
4182,-200.0,201,1,0.05
4183,-162.0,163,1,0.05
4184,-440.0,441,1,0.05
4185,-303.0,304,1,0.05
4186,-279.0,280,1,0.05
4187,-281.0,282,1,0.05
4188,-319.0,320,1,0.05
4189,-240.0,241,1,0.05
4190,-172.0,173,1,0.05
4191,-146.0,147,1,0.05
4192,-247.0,248,1,0.05
4193,-285.0,286,1,0.05
4194,-230.0,231,1,0.05
4195,-155.0,156,1,0.05
4196,-431.0,432,1,0.05
4197,-356.0,357,1,0.05
4198,-208.0,209,1,0.05
4199,-413.0,414,1,0.05
4200,-469.0,470,1,0.05
4201,-264.0,265,1,0.05
4202,-231.0,232,1,0.05
4203,-182.0,183,1,0.05
4204,-500.0,500,0,0.05
4205,-186.0,187,1,0.05
4206,-160.0,161,1,0.05
4207,-178.0,179,1,0.05
4208,-315.0,316,1,0.05
4209,-223.0,224,1,0.05
4210,-182.0,183,1,0.05
4211,-237.0,238,1,0.05
4212,-209.0,210,1,0.05
4213,-256.0,257,1,0.05
4214,-155.0,156,1,0.05
4215,-176.0,177,1,0.05
4216,-283.0,284,1,0.05
4217,-133.0,134,1,0.05
4218,-335.0,336,1,0.05
4219,-296.0,297,1,0.05
4220,-229.0,230,1,0.05
4221,-162.0,163,1,0.05
4222,-216.0,217,1,0.05
4223,-271.0,272,1,0.05
4224,-367.0,368,1,0.05
4225,-188.0,189,1,0.05
4226,-219.0,220,1,0.05
4227,-196.0,197,1,0.05
4228,-205.0,206,1,0.05
4229,-221.0,222,1,0.05
4230,-137.0,138,1,0.05
4231,-337.0,338,1,0.05
4232,-167.0,168,1,0.05
4233,-216.0,217,1,0.05
4234,-358.0,359,1,0.05
4235,-302.0,303,1,0.05
4236,-302.0,303,1,0.05
4237,-242.0,243,1,0.05
4238,-232.0,233,1,0.05
4239,-327.0,328,1,0.05
4240,-284.0,285,1,0.05
4241,-234.0,235,1,0.05
4242,-184.0,185,1,0.05
4243,-408.0,409,1,0.05
4244,-344.0,345,1,0.05
4245,-391.0,392,1,0.05
4246,-188.0,189,1,0.05
4247,-228.0,229,1,0.05
4248,-270.0,271,1,0.05
4249,-286.0,287,1,0.05
4250,-255.0,256,1,0.05
4251,-296.0,297,1,0.05
4252,-228.0,229,1,0.05
4253,-234.0,235,1,0.05
4254,-202.0,203,1,0.05
4255,-253.0,254,1,0.05
4256,-307.0,308,1,0.05
4257,-260.0,261,1,0.05
4258,-204.0,205,1,0.05
4259,-228.0,229,1,0.05
4260,-181.0,182,1,0.05
4261,-354.0,355,1,0.05
4262,-297.0,298,1,0.05
4263,-392.0,393,1,0.05
4264,-329.0,330,1,0.05
4265,-283.0,284,1,0.05
4266,-192.0,193,1,0.05
4267,-203.0,204,1,0.05
4268,-286.0,287,1,0.05
4269,-152.0,153,1,0.05
4270,-153.0,154,1,0.05
4271,-500.0,500,0,0.05
4272,-164.0,165,1,0.05
4273,-234.0,235,1,0.05
4274,-195.0,196,1,0.05
4275,-343.0,344,1,0.05
4276,-292.0,293,1,0.05
4277,-257.0,258,1,0.05
4278,-213.0,214,1,0.05
4279,-255.0,256,1,0.05
4280,-269.0,270,1,0.05
4281,-197.0,198,1,0.05
4282,-187.0,188,1,0.05
4283,-320.0,321,1,0.05
4284,-229.0,230,1,0.05
4285,-295.0,296,1,0.05
4286,-220.0,221,1,0.05
4287,-365.0,366,1,0.05
4288,-341.0,342,1,0.05
4289,-308.0,309,1,0.05
4290,-268.0,269,1,0.05
4291,-166.0,167,1,0.05
4292,-271.0,272,1,0.05
4293,-500.0,500,0,0.05
4294,-232.0,233,1,0.05
4295,-224.0,225,1,0.05
4296,-231.0,232,1,0.05
4297,-195.0,196,1,0.05
4298,-322.0,323,1,0.05
4299,-349.0,350,1,0.05
4300,-180.0,181,1,0.05
4301,-211.0,212,1,0.05
4302,-259.0,260,1,0.05
4303,-500.0,500,0,0.05
4304,-110.0,111,1,0.05
4305,-252.0,253,1,0.05
4306,-282.0,283,1,0.05
4307,-239.0,240,1,0.05
4308,-193.0,194,1,0.05
4309,-265.0,266,1,0.05
4310,-145.0,146,1,0.05
4311,-283.0,284,1,0.05
4312,-314.0,315,1,0.05
4313,-309.0,310,1,0.05
4314,-284.0,285,1,0.05
4315,-254.0,255,1,0.05
4316,-174.0,175,1,0.05
4317,-150.0,151,1,0.05
4318,-235.0,236,1,0.05
4319,-364.0,365,1,0.05
4320,-323.0,324,1,0.05
4321,-182.0,183,1,0.05
4322,-232.0,233,1,0.05
4323,-225.0,226,1,0.05
4324,-192.0,193,1,0.05
4325,-271.0,272,1,0.05
4326,-256.0,257,1,0.05
4327,-263.0,264,1,0.05
4328,-242.0,243,1,0.05
4329,-279.0,280,1,0.05
4330,-304.0,305,1,0.05
4331,-159.0,160,1,0.05
4332,-322.0,323,1,0.05
4333,-124.0,125,1,0.05
4334,-148.0,149,1,0.05
4335,-249.0,250,1,0.05
4336,-396.0,397,1,0.05
4337,-268.0,269,1,0.05
4338,-219.0,220,1,0.05
4339,-262.0,263,1,0.05
4340,-250.0,251,1,0.05
4341,-297.0,298,1,0.05
4342,-213.0,214,1,0.05
4343,-236.0,237,1,0.05
4344,-326.0,327,1,0.05
4345,-308.0,309,1,0.05
4346,-163.0,164,1,0.05
4347,-318.0,319,1,0.05
4348,-500.0,500,0,0.05
4349,-500.0,500,0,0.05
4350,-215.0,216,1,0.05
4351,-207.0,208,1,0.05
4352,-275.0,276,1,0.05
4353,-409.0,410,1,0.05
4354,-494.0,495,1,0.05
4355,-269.0,270,1,0.05
4356,-175.0,176,1,0.05
4357,-187.0,188,1,0.05
4358,-184.0,185,1,0.05
4359,-181.0,182,1,0.05
4360,-500.0,500,0,0.05
4361,-244.0,245,1,0.05
4362,-494.0,495,1,0.05
4363,-254.0,255,1,0.05
4364,-388.0,389,1,0.05
4365,-154.0,155,1,0.05
4366,-165.0,166,1,0.05
4367,-314.0,315,1,0.05
4368,-156.0,157,1,0.05
4369,-282.0,283,1,0.05
4370,-302.0,303,1,0.05
4371,-485.0,486,1,0.05
4372,-234.0,235,1,0.05
4373,-206.0,207,1,0.05
4374,-250.0,251,1,0.05
4375,-156.0,157,1,0.05
4376,-171.0,172,1,0.05
4377,-427.0,428,1,0.05
4378,-215.0,216,1,0.05
4379,-405.0,406,1,0.05
4380,-186.0,187,1,0.05
4381,-214.0,215,1,0.05
4382,-190.0,191,1,0.05
4383,-283.0,284,1,0.05
4384,-320.0,321,1,0.05
4385,-206.0,207,1,0.05
4386,-183.0,184,1,0.05
4387,-224.0,225,1,0.05
4388,-177.0,178,1,0.05
4389,-242.0,243,1,0.05
4390,-279.0,280,1,0.05
4391,-432.0,433,1,0.05
4392,-218.0,219,1,0.05
4393,-214.0,215,1,0.05
4394,-150.0,151,1,0.05
4395,-203.0,204,1,0.05
4396,-232.0,233,1,0.05
4397,-331.0,332,1,0.05
4398,-253.0,254,1,0.05
4399,-368.0,369,1,0.05
4400,-245.0,246,1,0.05
4401,-270.0,271,1,0.05
4402,-235.0,236,1,0.05
4403,-247.0,248,1,0.05
4404,-222.0,223,1,0.05
4405,-352.0,353,1,0.05
4406,-168.0,169,1,0.05
4407,-434.0,435,1,0.05
4408,-203.0,204,1,0.05
4409,-258.0,259,1,0.05
4410,-193.0,194,1,0.05
4411,-227.0,228,1,0.05
4412,-169.0,170,1,0.05
4413,-396.0,397,1,0.05
4414,-247.0,248,1,0.05
4415,-262.0,263,1,0.05
4416,-294.0,295,1,0.05
4417,-290.0,291,1,0.05
4418,-363.0,364,1,0.05
4419,-326.0,327,1,0.05
4420,-399.0,400,1,0.05
4421,-255.0,256,1,0.05
4422,-223.0,224,1,0.05
4423,-260.0,261,1,0.05
4424,-278.0,279,1,0.05
4425,-309.0,310,1,0.05
4426,-208.0,209,1,0.05
4427,-237.0,238,1,0.05
4428,-330.0,331,1,0.05
4429,-263.0,264,1,0.05
4430,-306.0,307,1,0.05
4431,-185.0,186,1,0.05
4432,-283.0,284,1,0.05
4433,-253.0,254,1,0.05
4434,-205.0,206,1,0.05
4435,-198.0,199,1,0.05
4436,-500.0,500,0,0.05
4437,-218.0,219,1,0.05
4438,-284.0,285,1,0.05
4439,-423.0,424,1,0.05
4440,-406.0,407,1,0.05
4441,-284.0,285,1,0.05
4442,-240.0,241,1,0.05
4443,-207.0,208,1,0.05
4444,-204.0,205,1,0.05
4445,-500.0,500,0,0.05
4446,-196.0,197,1,0.05
4447,-500.0,500,0,0.05
4448,-274.0,275,1,0.05
4449,-283.0,284,1,0.05
4450,-330.0,331,1,0.05
4451,-211.0,212,1,0.05
4452,-276.0,277,1,0.05
4453,-166.0,167,1,0.05
4454,-169.0,170,1,0.05
4455,-203.0,204,1,0.05
4456,-144.0,145,1,0.05
4457,-233.0,234,1,0.05
4458,-373.0,374,1,0.05
4459,-206.0,207,1,0.05
4460,-207.0,208,1,0.05
4461,-190.0,191,1,0.05
4462,-214.0,215,1,0.05
4463,-291.0,292,1,0.05
4464,-210.0,211,1,0.05
4465,-153.0,154,1,0.05
4466,-139.0,140,1,0.05
4467,-229.0,230,1,0.05
4468,-170.0,171,1,0.05
4469,-238.0,239,1,0.05
4470,-263.0,264,1,0.05
4471,-315.0,316,1,0.05
4472,-295.0,296,1,0.05
4473,-500.0,500,0,0.05
4474,-456.0,457,1,0.05
4475,-193.0,194,1,0.05
4476,-138.0,139,1,0.05
4477,-293.0,294,1,0.05
4478,-174.0,175,1,0.05
4479,-233.0,234,1,0.05
4480,-295.0,296,1,0.05
4481,-266.0,267,1,0.05
4482,-227.0,228,1,0.05
4483,-198.0,199,1,0.05
4484,-216.0,217,1,0.05
4485,-288.0,289,1,0.05
4486,-276.0,277,1,0.05
4487,-371.0,372,1,0.05
4488,-255.0,256,1,0.05
4489,-230.0,231,1,0.05
4490,-213.0,214,1,0.05
4491,-281.0,282,1,0.05
4492,-184.0,185,1,0.05
4493,-196.0,197,1,0.05
4494,-173.0,174,1,0.05
4495,-275.0,276,1,0.05
4496,-230.0,231,1,0.05
4497,-220.0,221,1,0.05
4498,-223.0,224,1,0.05
4499,-218.0,219,1,0.05
4500,-225.0,226,1,0.05
4501,-201.0,202,1,0.05
4502,-326.0,327,1,0.05
4503,-233.0,234,1,0.05
4504,-220.0,221,1,0.05
4505,-190.0,191,1,0.05
4506,-188.0,189,1,0.05
4507,-237.0,238,1,0.05
4508,-207.0,208,1,0.05
4509,-189.0,190,1,0.05
4510,-262.0,263,1,0.05
4511,-286.0,287,1,0.05
4512,-440.0,441,1,0.05
4513,-177.0,178,1,0.05
4514,-204.0,205,1,0.05
4515,-176.0,177,1,0.05
4516,-306.0,307,1,0.05
4517,-299.0,300,1,0.05
4518,-185.0,186,1,0.05
4519,-222.0,223,1,0.05
4520,-291.0,292,1,0.05
4521,-158.0,159,1,0.05
4522,-143.0,144,1,0.05
4523,-205.0,206,1,0.05
4524,-245.0,246,1,0.05
4525,-217.0,218,1,0.05
4526,-230.0,231,1,0.05
4527,-373.0,374,1,0.05
4528,-206.0,207,1,0.05
4529,-347.0,348,1,0.05
4530,-316.0,317,1,0.05
4531,-204.0,205,1,0.05
4532,-260.0,261,1,0.05
4533,-352.0,353,1,0.05
4534,-296.0,297,1,0.05
4535,-252.0,253,1,0.05
4536,-353.0,354,1,0.05
4537,-283.0,284,1,0.05
4538,-194.0,195,1,0.05
4539,-394.0,395,1,0.05
4540,-201.0,202,1,0.05
4541,-187.0,188,1,0.05
4542,-375.0,376,1,0.05
4543,-224.0,225,1,0.05
4544,-228.0,229,1,0.05
4545,-242.0,243,1,0.05
4546,-257.0,258,1,0.05
4547,-234.0,235,1,0.05
4548,-166.0,167,1,0.05
4549,-147.0,148,1,0.05
4550,-212.0,213,1,0.05
4551,-201.0,202,1,0.05
4552,-383.0,384,1,0.05
4553,-339.0,340,1,0.05
4554,-297.0,298,1,0.05
4555,-185.0,186,1,0.05
4556,-452.0,453,1,0.05
4557,-236.0,237,1,0.05
4558,-500.0,500,0,0.05
4559,-212.0,213,1,0.05
4560,-246.0,247,1,0.05
4561,-266.0,267,1,0.05
4562,-232.0,233,1,0.05
4563,-284.0,285,1,0.05
4564,-272.0,273,1,0.05
4565,-163.0,164,1,0.05
4566,-235.0,236,1,0.05
4567,-143.0,144,1,0.05
4568,-264.0,265,1,0.05
4569,-236.0,237,1,0.05
4570,-196.0,197,1,0.05
4571,-229.0,230,1,0.05
4572,-257.0,258,1,0.05
4573,-268.0,269,1,0.05
4574,-249.0,250,1,0.05
4575,-235.0,236,1,0.05
4576,-500.0,500,0,0.05
4577,-253.0,254,1,0.05
4578,-429.0,430,1,0.05
4579,-283.0,284,1,0.05
4580,-207.0,208,1,0.05
4581,-234.0,235,1,0.05
4582,-201.0,202,1,0.05
4583,-160.0,161,1,0.05
4584,-181.0,182,1,0.05
4585,-240.0,241,1,0.05
4586,-232.0,233,1,0.05
4587,-280.0,281,1,0.05
4588,-221.0,222,1,0.05
4589,-187.0,188,1,0.05
4590,-468.0,469,1,0.05
4591,-240.0,241,1,0.05
4592,-238.0,239,1,0.05
4593,-160.0,161,1,0.05
4594,-217.0,218,1,0.05
4595,-293.0,294,1,0.05
4596,-213.0,214,1,0.05
4597,-280.0,281,1,0.05
4598,-437.0,438,1,0.05
4599,-240.0,241,1,0.05
4600,-287.0,288,1,0.05
4601,-349.0,350,1,0.05
4602,-455.0,456,1,0.05
4603,-178.0,179,1,0.05
4604,-264.0,265,1,0.05
4605,-241.0,242,1,0.05
4606,-275.0,276,1,0.05
4607,-411.0,412,1,0.05
4608,-409.0,410,1,0.05
4609,-371.0,372,1,0.05
4610,-202.0,203,1,0.05
4611,-193.0,194,1,0.05
4612,-281.0,282,1,0.05
4613,-263.0,264,1,0.05
4614,-208.0,209,1,0.05
4615,-218.0,219,1,0.05
4616,-309.0,310,1,0.05
4617,-185.0,186,1,0.05
4618,-260.0,261,1,0.05
4619,-130.0,131,1,0.05
4620,-500.0,500,0,0.05
4621,-409.0,410,1,0.05
4622,-236.0,237,1,0.05
4623,-391.0,392,1,0.05
4624,-311.0,312,1,0.05
4625,-208.0,209,1,0.05
4626,-266.0,267,1,0.05
4627,-471.0,472,1,0.05
4628,-260.0,261,1,0.05
4629,-265.0,266,1,0.05
4630,-224.0,225,1,0.05
4631,-233.0,234,1,0.05
4632,-376.0,377,1,0.05
4633,-332.0,333,1,0.05
4634,-223.0,224,1,0.05
4635,-268.0,269,1,0.05
4636,-299.0,300,1,0.05
4637,-398.0,399,1,0.05
4638,-304.0,305,1,0.05
4639,-249.0,250,1,0.05
4640,-354.0,355,1,0.05
4641,-360.0,361,1,0.05
4642,-331.0,332,1,0.05
4643,-239.0,240,1,0.05
4644,-299.0,300,1,0.05
4645,-432.0,433,1,0.05
4646,-297.0,298,1,0.05
4647,-307.0,308,1,0.05
4648,-226.0,227,1,0.05
4649,-279.0,280,1,0.05
4650,-216.0,217,1,0.05
4651,-363.0,364,1,0.05
4652,-256.0,257,1,0.05
4653,-265.0,266,1,0.05
4654,-163.0,164,1,0.05
4655,-302.0,303,1,0.05
4656,-189.0,190,1,0.05
4657,-500.0,500,0,0.05
4658,-400.0,401,1,0.05
4659,-206.0,207,1,0.05
4660,-243.0,244,1,0.05
4661,-346.0,347,1,0.05
4662,-200.0,201,1,0.05
4663,-184.0,185,1,0.05
4664,-299.0,300,1,0.05
4665,-262.0,263,1,0.05
4666,-196.0,197,1,0.05
4667,-247.0,248,1,0.05
4668,-304.0,305,1,0.05
4669,-237.0,238,1,0.05
4670,-254.0,255,1,0.05
4671,-195.0,196,1,0.05
4672,-410.0,411,1,0.05
4673,-230.0,231,1,0.05
4674,-341.0,342,1,0.05
4675,-277.0,278,1,0.05
4676,-394.0,395,1,0.05
4677,-347.0,348,1,0.05
4678,-123.0,124,1,0.05
4679,-263.0,264,1,0.05
4680,-372.0,373,1,0.05
4681,-261.0,262,1,0.05
4682,-198.0,199,1,0.05
4683,-285.0,286,1,0.05
4684,-256.0,257,1,0.05
4685,-359.0,360,1,0.05
4686,-299.0,300,1,0.05
4687,-248.0,249,1,0.05
4688,-395.0,396,1,0.05
4689,-474.0,475,1,0.05
4690,-307.0,308,1,0.05
4691,-276.0,277,1,0.05
4692,-354.0,355,1,0.05
4693,-272.0,273,1,0.05
4694,-197.0,198,1,0.05
4695,-316.0,317,1,0.05
4696,-235.0,236,1,0.05
4697,-235.0,236,1,0.05
4698,-280.0,281,1,0.05
4699,-349.0,350,1,0.05
4700,-433.0,434,1,0.05
4701,-151.0,152,1,0.05
4702,-255.0,256,1,0.05
4703,-196.0,197,1,0.05
4704,-211.0,212,1,0.05
4705,-400.0,401,1,0.05
4706,-257.0,258,1,0.05
4707,-386.0,387,1,0.05
4708,-171.0,172,1,0.05
4709,-254.0,255,1,0.05
4710,-155.0,156,1,0.05
4711,-454.0,455,1,0.05
4712,-217.0,218,1,0.05
4713,-315.0,316,1,0.05
4714,-383.0,384,1,0.05
4715,-301.0,302,1,0.05
4716,-500.0,500,0,0.05
4717,-293.0,294,1,0.05
4718,-500.0,500,0,0.05
4719,-440.0,441,1,0.05
4720,-471.0,472,1,0.05
4721,-500.0,500,0,0.05
4722,-291.0,292,1,0.05
4723,-204.0,205,1,0.05
4724,-206.0,207,1,0.05
4725,-187.0,188,1,0.05
4726,-260.0,261,1,0.05
4727,-305.0,306,1,0.05
4728,-254.0,255,1,0.05
4729,-351.0,352,1,0.05
4730,-170.0,171,1,0.05
4731,-283.0,284,1,0.05
4732,-354.0,355,1,0.05
4733,-146.0,147,1,0.05
4734,-500.0,500,0,0.05
4735,-271.0,272,1,0.05
4736,-193.0,194,1,0.05
4737,-297.0,298,1,0.05
4738,-360.0,361,1,0.05
4739,-233.0,234,1,0.05
4740,-148.0,149,1,0.05
4741,-239.0,240,1,0.05
4742,-173.0,174,1,0.05
4743,-356.0,357,1,0.05
4744,-310.0,311,1,0.05
4745,-279.0,280,1,0.05
4746,-229.0,230,1,0.05
4747,-330.0,331,1,0.05
4748,-465.0,466,1,0.05
4749,-365.0,366,1,0.05
4750,-276.0,277,1,0.05
4751,-408.0,409,1,0.05
4752,-144.0,145,1,0.05
4753,-293.0,294,1,0.05
4754,-249.0,250,1,0.05
4755,-146.0,147,1,0.05
4756,-199.0,200,1,0.05
4757,-243.0,244,1,0.05
4758,-490.0,491,1,0.05
4759,-348.0,349,1,0.05
4760,-304.0,305,1,0.05
4761,-314.0,315,1,0.05
4762,-220.0,221,1,0.05
4763,-453.0,454,1,0.05
4764,-244.0,245,1,0.05
4765,-334.0,335,1,0.05
4766,-492.0,493,1,0.05
4767,-256.0,257,1,0.05
4768,-261.0,262,1,0.05
4769,-500.0,500,0,0.05
4770,-278.0,279,1,0.05
4771,-334.0,335,1,0.05
4772,-500.0,500,0,0.05
4773,-286.0,287,1,0.05
4774,-278.0,279,1,0.05
4775,-500.0,500,0,0.05
4776,-251.0,252,1,0.05
4777,-382.0,383,1,0.05
4778,-263.0,264,1,0.05
4779,-302.0,303,1,0.05
4780,-223.0,224,1,0.05
4781,-358.0,359,1,0.05
4782,-253.0,254,1,0.05
4783,-246.0,247,1,0.05
4784,-355.0,356,1,0.05
4785,-259.0,260,1,0.05
4786,-207.0,208,1,0.05
4787,-201.0,202,1,0.05
4788,-317.0,318,1,0.05
4789,-336.0,337,1,0.05
4790,-464.0,465,1,0.05
4791,-352.0,353,1,0.05
4792,-359.0,360,1,0.05
4793,-315.0,316,1,0.05
4794,-220.0,221,1,0.05
4795,-275.0,276,1,0.05
4796,-500.0,500,0,0.05
4797,-500.0,500,0,0.05
4798,-500.0,500,0,0.05
4799,-309.0,310,1,0.05
4800,-323.0,324,1,0.05
4801,-185.0,186,1,0.05
4802,-500.0,500,0,0.05
4803,-500.0,500,0,0.05
4804,-271.0,272,1,0.05
4805,-255.0,256,1,0.05
4806,-500.0,500,0,0.05
4807,-344.0,345,1,0.05
4808,-363.0,364,1,0.05
4809,-297.0,298,1,0.05
4810,-392.0,393,1,0.05
4811,-188.0,189,1,0.05
4812,-275.0,276,1,0.05
4813,-363.0,364,1,0.05
4814,-500.0,500,0,0.05
4815,-231.0,232,1,0.05
4816,-238.0,239,1,0.05
4817,-291.0,292,1,0.05
4818,-384.0,385,1,0.05
4819,-216.0,217,1,0.05
4820,-500.0,500,0,0.05
4821,-311.0,312,1,0.05
4822,-247.0,248,1,0.05
4823,-309.0,310,1,0.05
4824,-303.0,304,1,0.05
4825,-255.0,256,1,0.05
4826,-199.0,200,1,0.05
4827,-191.0,192,1,0.05
4828,-172.0,173,1,0.05
4829,-311.0,312,1,0.05
4830,-255.0,256,1,0.05
4831,-404.0,405,1,0.05
4832,-500.0,500,0,0.05
4833,-335.0,336,1,0.05
4834,-273.0,274,1,0.05
4835,-269.0,270,1,0.05
4836,-335.0,336,1,0.05
4837,-500.0,500,0,0.05
4838,-500.0,500,0,0.05
4839,-189.0,190,1,0.05
4840,-437.0,438,1,0.05
4841,-437.0,438,1,0.05
4842,-500.0,500,0,0.05
4843,-500.0,500,0,0.05
4844,-358.0,359,1,0.05
4845,-321.0,322,1,0.05
4846,-266.0,267,1,0.05
4847,-500.0,500,0,0.05
4848,-422.0,423,1,0.05
4849,-243.0,244,1,0.05
4850,-281.0,282,1,0.05
4851,-328.0,329,1,0.05
4852,-500.0,500,0,0.05
4853,-221.0,222,1,0.05
4854,-215.0,216,1,0.05
4855,-456.0,457,1,0.05
4856,-495.0,496,1,0.05
4857,-316.0,317,1,0.05
4858,-500.0,500,0,0.05
4859,-227.0,228,1,0.05
4860,-500.0,500,0,0.05
4861,-426.0,427,1,0.05
4862,-500.0,500,0,0.05
4863,-355.0,356,1,0.05
4864,-373.0,374,1,0.05
4865,-246.0,247,1,0.05
4866,-500.0,500,0,0.05
4867,-337.0,338,1,0.05
4868,-500.0,500,0,0.05
4869,-290.0,291,1,0.05
4870,-253.0,254,1,0.05
4871,-291.0,292,1,0.05
4872,-479.0,480,1,0.05
4873,-500.0,500,0,0.05
4874,-229.0,230,1,0.05
4875,-238.0,239,1,0.05
4876,-500.0,500,0,0.05
4877,-281.0,282,1,0.05
4878,-263.0,264,1,0.05
4879,-500.0,500,0,0.05
4880,-269.0,270,1,0.05
4881,-319.0,320,1,0.05
4882,-448.0,449,1,0.05
4883,-423.0,424,1,0.05
4884,-500.0,500,0,0.05
4885,-459.0,460,1,0.05
4886,-263.0,264,1,0.05
4887,-260.0,261,1,0.05
4888,-500.0,500,0,0.05
4889,-428.0,429,1,0.05
4890,-500.0,500,0,0.05
4891,-500.0,500,0,0.05
4892,-266.0,267,1,0.05
4893,-359.0,360,1,0.05
4894,-310.0,311,1,0.05
4895,-233.0,234,1,0.05
4896,-284.0,285,1,0.05
4897,-214.0,215,1,0.05
4898,-297.0,298,1,0.05
4899,-441.0,442,1,0.05
4900,-255.0,256,1,0.05
4901,-194.0,195,1,0.05
4902,-500.0,500,0,0.05
4903,-500.0,500,0,0.05
4904,-419.0,420,1,0.05
4905,-216.0,217,1,0.05
4906,-323.0,324,1,0.05
4907,-277.0,278,1,0.05
4908,-500.0,500,0,0.05
4909,-217.0,218,1,0.05
4910,-401.0,402,1,0.05
4911,-321.0,322,1,0.05
4912,-237.0,238,1,0.05
4913,-239.0,240,1,0.05
4914,-291.0,292,1,0.05
4915,-271.0,272,1,0.05
4916,-262.0,263,1,0.05
4917,-500.0,500,0,0.05
4918,-280.0,281,1,0.05
4919,-276.0,277,1,0.05
4920,-236.0,237,1,0.05
4921,-256.0,257,1,0.05
4922,-216.0,217,1,0.05
4923,-409.0,410,1,0.05
4924,-319.0,320,1,0.05
4925,-201.0,202,1,0.05
4926,-441.0,442,1,0.05
4927,-276.0,277,1,0.05
4928,-303.0,304,1,0.05
4929,-500.0,500,0,0.05
4930,-246.0,247,1,0.05
4931,-500.0,500,0,0.05
4932,-400.0,401,1,0.05
4933,-224.0,225,1,0.05
4934,-346.0,347,1,0.05
4935,-254.0,255,1,0.05
4936,-267.0,268,1,0.05
4937,-250.0,251,1,0.05
4938,-226.0,227,1,0.05
4939,-252.0,253,1,0.05
4940,-354.0,355,1,0.05
4941,-194.0,195,1,0.05
4942,-310.0,311,1,0.05
4943,-324.0,325,1,0.05
4944,-250.0,251,1,0.05
4945,-300.0,301,1,0.05
4946,-366.0,367,1,0.05
4947,-336.0,337,1,0.05
4948,-171.0,172,1,0.05
4949,-312.0,313,1,0.05
4950,-310.0,311,1,0.05
4951,-347.0,348,1,0.05
4952,-232.0,233,1,0.05
4953,-193.0,194,1,0.05
4954,-328.0,329,1,0.05
4955,-222.0,223,1,0.05
4956,-237.0,238,1,0.05
4957,-312.0,313,1,0.05
4958,-285.0,286,1,0.05
4959,-194.0,195,1,0.05
4960,-210.0,211,1,0.05
4961,-251.0,252,1,0.05
4962,-355.0,356,1,0.05
4963,-174.0,175,1,0.05
4964,-227.0,228,1,0.05
4965,-216.0,217,1,0.05
4966,-307.0,308,1,0.05
4967,-211.0,212,1,0.05
4968,-245.0,246,1,0.05
4969,-282.0,283,1,0.05
4970,-317.0,318,1,0.05
4971,-336.0,337,1,0.05
4972,-396.0,397,1,0.05
4973,-345.0,346,1,0.05
4974,-246.0,247,1,0.05
4975,-348.0,349,1,0.05
4976,-344.0,345,1,0.05
4977,-362.0,363,1,0.05
4978,-255.0,256,1,0.05
4979,-282.0,283,1,0.05
4980,-203.0,204,1,0.05
4981,-222.0,223,1,0.05
4982,-251.0,252,1,0.05
4983,-367.0,368,1,0.05
4984,-169.0,170,1,0.05
4985,-178.0,179,1,0.05
4986,-426.0,427,1,0.05
4987,-288.0,289,1,0.05
4988,-401.0,402,1,0.05
4989,-162.0,163,1,0.05
4990,-277.0,278,1,0.05
4991,-266.0,267,1,0.05
4992,-268.0,269,1,0.05
4993,-142.0,143,1,0.05
4994,-193.0,194,1,0.05
4995,-357.0,358,1,0.05
4996,-335.0,336,1,0.05
4997,-200.0,201,1,0.05
4998,-500.0,500,0,0.05
4999,-255.0,256,1,0.05
5000,-390.0,391,1,0.05
